[{"model": "admin.logentry", "pk": 1, "fields": {"action_time": "2022-01-29T17:25:39.614Z", "user": 1, "content_type": 7, "object_id": "1", "object_repr": "wheelshop.example.com", "action_flag": 2, "change_message": "[{\"changed\": {\"fields\": [\"Domain name\", \"Display name\"]}}]"}}, {"model": "admin.logentry", "pk": 2, "fields": {"action_time": "2022-01-29T17:31:52.051Z", "user": 1, "content_type": 8, "object_id": "1", "object_repr": "maris.kurpnieks@gmail.com", "action_flag": 1, "change_message": "[{\"added\": {}}]"}}, {"model": "admin.logentry", "pk": 3, "fields": {"action_time": "2022-01-30T18:42:53.576Z", "user": 1, "content_type": 14, "object_id": "1", "object_repr": "winter_tyre", "action_flag": 1, "change_message": "[{\"added\": {}}]"}}, {"model": "admin.logentry", "pk": 4, "fields": {"action_time": "2022-01-30T19:01:57.319Z", "user": 1, "content_type": 13, "object_id": "1", "object_repr": "Falken EUROWINTER HS01 205/55 R16 91T", "action_flag": 1, "change_message": "[{\"added\": {}}]"}}, {"model": "admin.logentry", "pk": 5, "fields": {"action_time": "2022-01-30T19:10:28.356Z", "user": 1, "content_type": 13, "object_id": "2", "object_repr": "Falken Eurowinter HS01 225/50 R17 98V", "action_flag": 1, "change_message": "[{\"added\": {}}]"}}, {"model": "admin.logentry", "pk": 6, "fields": {"action_time": "2022-01-30T19:11:00.069Z", "user": 1, "content_type": 14, "object_id": "2", "object_repr": "summer_tyre", "action_flag": 1, "change_message": "[{\"added\": {}}]"}}, {"model": "admin.logentry", "pk": 7, "fields": {"action_time": "2022-01-30T19:15:14.622Z", "user": 1, "content_type": 15, "object_id": "1", "object_repr": "falken", "action_flag": 1, "change_message": "[{\"added\": {}}]"}}, {"model": "admin.logentry", "pk": 8, "fields": {"action_time": "2022-01-30T19:15:24.141Z", "user": 1, "content_type": 13, "object_id": "1", "object_repr": "Falken EUROWINTER HS01 205/55 R16 91T", "action_flag": 2, "change_message": "[{\"changed\": {\"fields\": [\"Manufacturer\"]}}]"}}, {"model": "admin.logentry", "pk": 9, "fields": {"action_time": "2022-01-30T19:15:29.076Z", "user": 1, "content_type": 13, "object_id": "2", "object_repr": "Falken Eurowinter HS01 225/50 R17 98V", "action_flag": 2, "change_message": "[{\"changed\": {\"fields\": [\"Manufacturer\"]}}]"}}, {"model": "admin.logentry", "pk": 10, "fields": {"action_time": "2022-01-30T19:15:35.002Z", "user": 1, "content_type": 13, "object_id": "1", "object_repr": "Falken EUROWINTER HS01 205/55 R16 91T", "action_flag": 2, "change_message": "[]"}}, {"model": "admin.logentry", "pk": 11, "fields": {"action_time": "2022-01-30T19:16:18.328Z", "user": 1, "content_type": 15, "object_id": "2", "object_repr": "bridgestone", "action_flag": 1, "change_message": "[{\"added\": {}}]"}}, {"model": "admin.logentry", "pk": 12, "fields": {"action_time": "2022-01-30T19:17:51.954Z", "user": 1, "content_type": 13, "object_id": "3", "object_repr": "Bridgestone TURANZA T005 TL 195/60 R15 88H", "action_flag": 1, "change_message": "[{\"added\": {}}]"}}, {"model": "admin.logentry", "pk": 13, "fields": {"action_time": "2022-01-30T19:23:30.458Z", "user": 1, "content_type": 15, "object_id": "3", "object_repr": "continental", "action_flag": 1, "change_message": "[{\"added\": {}}]"}}, {"model": "admin.logentry", "pk": 14, "fields": {"action_time": "2022-01-30T19:24:24.864Z", "user": 1, "content_type": 13, "object_id": "4", "object_repr": "Continental PremiumContact 2 175/65 R15 84H", "action_flag": 1, "change_message": "[{\"added\": {}}]"}}, {"model": "admin.logentry", "pk": 15, "fields": {"action_time": "2022-01-30T19:27:38.426Z", "user": 1, "content_type": 13, "object_id": "5", "object_repr": "Continental PremiumContact 2 205/55 R16 91H", "action_flag": 1, "change_message": "[{\"added\": {}}]"}}, {"model": "admin.logentry", "pk": 16, "fields": {"action_time": "2022-01-30T19:32:01.069Z", "user": 1, "content_type": 15, "object_id": "4", "object_repr": "dunlop", "action_flag": 1, "change_message": "[{\"added\": {}}]"}}, {"model": "admin.logentry", "pk": 17, "fields": {"action_time": "2022-01-30T19:32:40.934Z", "user": 1, "content_type": 13, "object_id": "6", "object_repr": "Dunlop SP Sport Fastresponse 205/55 R16 94H", "action_flag": 1, "change_message": "[{\"added\": {}}]"}}, {"model": "admin.logentry", "pk": 18, "fields": {"action_time": "2022-01-30T19:33:07.423Z", "user": 1, "content_type": 13, "object_id": "3", "object_repr": "Bridgestone TURANZA T005 TL 195/60 R15 88H", "action_flag": 2, "change_message": "[{\"changed\": {\"fields\": [\"Description\"]}}]"}}, {"model": "admin.logentry", "pk": 19, "fields": {"action_time": "2022-01-30T19:33:28.288Z", "user": 1, "content_type": 13, "object_id": "5", "object_repr": "Continental PremiumContact 2 205/55 R16 91H", "action_flag": 2, "change_message": "[{\"changed\": {\"fields\": [\"Description\"]}}]"}}, {"model": "admin.logentry", "pk": 20, "fields": {"action_time": "2022-01-30T19:33:33.527Z", "user": 1, "content_type": 13, "object_id": "4", "object_repr": "Continental PremiumContact 2 175/65 R15 84H", "action_flag": 2, "change_message": "[{\"changed\": {\"fields\": [\"Description\"]}}]"}}, {"model": "admin.logentry", "pk": 21, "fields": {"action_time": "2022-01-31T22:14:27.613Z", "user": 1, "content_type": 15, "object_id": "5", "object_repr": "michelin", "action_flag": 1, "change_message": "[{\"added\": {}}]"}}, {"model": "admin.logentry", "pk": 22, "fields": {"action_time": "2022-01-31T22:15:30.425Z", "user": 1, "content_type": 13, "object_id": "7", "object_repr": "Goodyear Eagle F1 Asymmetric 235/45 R18 94W", "action_flag": 1, "change_message": "[{\"added\": {}}]"}}, {"model": "admin.logentry", "pk": 23, "fields": {"action_time": "2022-02-01T00:44:04.004Z", "user": 1, "content_type": 13, "object_id": "3", "object_repr": "Bridgestone TURANZA T005 TL 195/60 R15 88H", "action_flag": 2, "change_message": "[{\"changed\": {\"fields\": [\"Size\", \"Load index\", \"Speed index\"]}}]"}}, {"model": "admin.logentry", "pk": 24, "fields": {"action_time": "2022-02-01T00:44:24.853Z", "user": 1, "content_type": 13, "object_id": "4", "object_repr": "Continental PremiumContact 2 175/65 R15 84H", "action_flag": 2, "change_message": "[{\"changed\": {\"fields\": [\"Size\", \"Load index\", \"Speed index\"]}}]"}}, {"model": "admin.logentry", "pk": 25, "fields": {"action_time": "2022-02-01T00:44:41.069Z", "user": 1, "content_type": 13, "object_id": "5", "object_repr": "Continental PremiumContact 2 205/55 R16 91H", "action_flag": 2, "change_message": "[{\"changed\": {\"fields\": [\"Size\", \"Load index\", \"Speed index\"]}}]"}}, {"model": "admin.logentry", "pk": 26, "fields": {"action_time": "2022-02-01T00:44:51.126Z", "user": 1, "content_type": 13, "object_id": "6", "object_repr": "Dunlop SP Sport Fastresponse 205/55 R16 94H", "action_flag": 2, "change_message": "[{\"changed\": {\"fields\": [\"Size\", \"Load index\", \"Speed index\"]}}]"}}, {"model": "admin.logentry", "pk": 27, "fields": {"action_time": "2022-02-01T00:45:01.510Z", "user": 1, "content_type": 13, "object_id": "1", "object_repr": "Falken EUROWINTER HS01 205/55 R16 91T", "action_flag": 2, "change_message": "[{\"changed\": {\"fields\": [\"Size\", \"Load index\", \"Speed index\"]}}]"}}, {"model": "admin.logentry", "pk": 28, "fields": {"action_time": "2022-02-01T00:45:14.582Z", "user": 1, "content_type": 13, "object_id": "2", "object_repr": "Falken Eurowinter HS01 225/50 R17 98V", "action_flag": 2, "change_message": "[{\"changed\": {\"fields\": [\"Size\", \"Load index\", \"Speed index\"]}}]"}}, {"model": "admin.logentry", "pk": 29, "fields": {"action_time": "2022-02-01T00:45:18.414Z", "user": 1, "content_type": 13, "object_id": "2", "object_repr": "Falken Eurowinter HS01 225/50 R17 98V", "action_flag": 2, "change_message": "[]"}}, {"model": "admin.logentry", "pk": 30, "fields": {"action_time": "2022-02-01T00:45:29.559Z", "user": 1, "content_type": 13, "object_id": "7", "object_repr": "Goodyear Eagle F1 Asymmetric 235/45 R18 94W", "action_flag": 2, "change_message": "[{\"changed\": {\"fields\": [\"Size\", \"Load index\", \"Speed index\"]}}]"}}, {"model": "admin.logentry", "pk": 31, "fields": {"action_time": "2022-02-05T20:34:57.371Z", "user": 1, "content_type": 15, "object_id": "6", "object_repr": "goodyear", "action_flag": 1, "change_message": "[{\"added\": {}}]"}}, {"model": "admin.logentry", "pk": 32, "fields": {"action_time": "2022-02-05T20:35:05.232Z", "user": 1, "content_type": 13, "object_id": "7", "object_repr": "Goodyear Eagle F1 Asymmetric 235/45 R18 94W", "action_flag": 2, "change_message": "[{\"changed\": {\"fields\": [\"Manufacturer\"]}}]"}}, {"model": "admin.logentry", "pk": 33, "fields": {"action_time": "2022-02-05T20:36:11.099Z", "user": 1, "content_type": 13, "object_id": "8", "object_repr": "Goodyear Duragrip 175/65 R15 88T", "action_flag": 1, "change_message": "[{\"added\": {}}]"}}, {"model": "admin.logentry", "pk": 34, "fields": {"action_time": "2022-02-05T20:36:20.219Z", "user": 1, "content_type": 13, "object_id": "8", "object_repr": "Goodyear Duragrip 175/65 R15 88T", "action_flag": 2, "change_message": "[{\"changed\": {\"fields\": [\"Image\"]}}]"}}, {"model": "admin.logentry", "pk": 35, "fields": {"action_time": "2022-02-06T12:42:22.713Z", "user": 1, "content_type": 13, "object_id": "7", "object_repr": "Goodyear Eagle F1 Asymmetric 235/45 R18 94W", "action_flag": 2, "change_message": "[{\"changed\": {\"fields\": [\"Size code\", \"Size\"]}}]"}}, {"model": "admin.logentry", "pk": 36, "fields": {"action_time": "2022-02-06T12:42:29.238Z", "user": 1, "content_type": 13, "object_id": "4", "object_repr": "Continental PremiumContact 2 175/65 R15 84H", "action_flag": 2, "change_message": "[{\"changed\": {\"fields\": [\"Size code\", \"Size\"]}}]"}}, {"model": "admin.logentry", "pk": 37, "fields": {"action_time": "2022-02-06T12:42:34.039Z", "user": 1, "content_type": 13, "object_id": "5", "object_repr": "Continental PremiumContact 2 205/55 R16 91H", "action_flag": 2, "change_message": "[{\"changed\": {\"fields\": [\"Size code\", \"Size\"]}}]"}}, {"model": "admin.logentry", "pk": 38, "fields": {"action_time": "2022-02-06T12:46:05.567Z", "user": 1, "content_type": 16, "object_id": "1", "object_repr": "20555R16", "action_flag": 1, "change_message": "[{\"added\": {}}]"}}, {"model": "admin.logentry", "pk": 39, "fields": {"action_time": "2022-02-06T12:49:08.228Z", "user": 1, "content_type": 16, "object_id": "2", "object_repr": "23545R18", "action_flag": 1, "change_message": "[{\"added\": {}}]"}}, {"model": "admin.logentry", "pk": 40, "fields": {"action_time": "2022-02-06T12:49:11.540Z", "user": 1, "content_type": 13, "object_id": "7", "object_repr": "Goodyear Eagle F1 Asymmetric 235/45 R18 94W", "action_flag": 2, "change_message": "[{\"changed\": {\"fields\": [\"Size\"]}}]"}}, {"model": "admin.logentry", "pk": 41, "fields": {"action_time": "2022-02-06T12:49:25.349Z", "user": 1, "content_type": 16, "object_id": "3", "object_repr": "17565R15", "action_flag": 1, "change_message": "[{\"added\": {}}]"}}, {"model": "admin.logentry", "pk": 42, "fields": {"action_time": "2022-02-06T12:49:34.863Z", "user": 1, "content_type": 13, "object_id": "8", "object_repr": "Goodyear Duragrip 175/65 R15 88T", "action_flag": 2, "change_message": "[{\"changed\": {\"fields\": [\"Size\"]}}]"}}, {"model": "admin.logentry", "pk": 43, "fields": {"action_time": "2022-02-06T12:50:33.038Z", "user": 1, "content_type": 16, "object_id": "4", "object_repr": "22550R17", "action_flag": 1, "change_message": "[{\"added\": {}}]"}}, {"model": "admin.logentry", "pk": 44, "fields": {"action_time": "2022-02-06T12:50:34.655Z", "user": 1, "content_type": 13, "object_id": "2", "object_repr": "Falken Eurowinter HS01 225/50 R17 98V", "action_flag": 2, "change_message": "[{\"changed\": {\"fields\": [\"Size\"]}}]"}}, {"model": "admin.logentry", "pk": 45, "fields": {"action_time": "2022-02-06T12:51:12.210Z", "user": 1, "content_type": 13, "object_id": "1", "object_repr": "Falken EUROWINTER HS01 205/55 R16 91T", "action_flag": 2, "change_message": "[{\"changed\": {\"fields\": [\"Size\"]}}]"}}, {"model": "admin.logentry", "pk": 46, "fields": {"action_time": "2022-02-06T12:51:19.001Z", "user": 1, "content_type": 13, "object_id": "6", "object_repr": "Dunlop SP Sport Fastresponse 205/55 R16 94H", "action_flag": 2, "change_message": "[{\"changed\": {\"fields\": [\"Size\"]}}]"}}, {"model": "admin.logentry", "pk": 47, "fields": {"action_time": "2022-02-06T12:51:24.193Z", "user": 1, "content_type": 13, "object_id": "5", "object_repr": "Continental PremiumContact 2 205/55 R16 91H", "action_flag": 2, "change_message": "[{\"changed\": {\"fields\": [\"Size\"]}}]"}}, {"model": "admin.logentry", "pk": 48, "fields": {"action_time": "2022-02-06T12:51:29.180Z", "user": 1, "content_type": 13, "object_id": "4", "object_repr": "Continental PremiumContact 2 175/65 R15 84H", "action_flag": 2, "change_message": "[{\"changed\": {\"fields\": [\"Size\"]}}]"}}, {"model": "admin.logentry", "pk": 49, "fields": {"action_time": "2022-02-06T12:51:37.864Z", "user": 1, "content_type": 16, "object_id": "5", "object_repr": "19560R15", "action_flag": 1, "change_message": "[{\"added\": {}}]"}}, {"model": "admin.logentry", "pk": 50, "fields": {"action_time": "2022-02-06T12:51:39.050Z", "user": 1, "content_type": 13, "object_id": "3", "object_repr": "Bridgestone TURANZA T005 TL 195/60 R15 88H", "action_flag": 2, "change_message": "[{\"changed\": {\"fields\": [\"Size\"]}}]"}}, {"model": "admin.logentry", "pk": 51, "fields": {"action_time": "2022-02-06T13:09:33.384Z", "user": 1, "content_type": 16, "object_id": "6", "object_repr": "19565R15", "action_flag": 1, "change_message": "[{\"added\": {}}]"}}, {"model": "admin.logentry", "pk": 52, "fields": {"action_time": "2022-02-06T13:10:26.655Z", "user": 1, "content_type": 16, "object_id": "7", "object_repr": "17575R14", "action_flag": 1, "change_message": "[{\"added\": {}}]"}}, {"model": "admin.logentry", "pk": 53, "fields": {"action_time": "2022-02-06T13:31:41.403Z", "user": 1, "content_type": 16, "object_id": "8", "object_repr": "21550R17", "action_flag": 1, "change_message": "[{\"added\": {}}]"}}, {"model": "admin.logentry", "pk": 54, "fields": {"action_time": "2022-02-06T16:12:15.329Z", "user": 1, "content_type": 16, "object_id": "7", "object_repr": "17570R14", "action_flag": 2, "change_message": "[{\"changed\": {\"fields\": [\"Width\", \"Heigth\", \"Rim size\"]}}]"}}, {"model": "admin.logentry", "pk": 55, "fields": {"action_time": "2022-02-06T16:14:26.401Z", "user": 1, "content_type": 15, "object_id": "7", "object_repr": "debica", "action_flag": 1, "change_message": "[{\"added\": {}}]"}}, {"model": "admin.logentry", "pk": 56, "fields": {"action_time": "2022-02-06T16:15:20.420Z", "user": 1, "content_type": 13, "object_id": "9", "object_repr": "Debica FRIGO 2 M+S 175/70 R14 84T", "action_flag": 1, "change_message": "[{\"added\": {}}]"}}, {"model": "admin.logentry", "pk": 57, "fields": {"action_time": "2022-02-06T16:19:50.076Z", "user": 1, "content_type": 15, "object_id": "8", "object_repr": "nankang", "action_flag": 1, "change_message": "[{\"added\": {}}]"}}, {"model": "admin.logentry", "pk": 58, "fields": {"action_time": "2022-02-06T16:21:16.062Z", "user": 1, "content_type": 13, "object_id": "10", "object_repr": "Nankang Winter Activa SV-3 195/65 R15 91T", "action_flag": 1, "change_message": "[{\"added\": {}}]"}}, {"model": "admin.logentry", "pk": 59, "fields": {"action_time": "2022-02-06T16:25:15.618Z", "user": 1, "content_type": 13, "object_id": "11", "object_repr": "Nankang NS-2 215/50 R17 91V", "action_flag": 1, "change_message": "[{\"added\": {}}]"}}, {"model": "admin.logentry", "pk": 60, "fields": {"action_time": "2022-02-06T16:28:52.846Z", "user": 1, "content_type": 15, "object_id": "8", "object_repr": "nankang", "action_flag": 2, "change_message": "[{\"changed\": {\"fields\": [\"Image\"]}}]"}}, {"model": "admin.logentry", "pk": 61, "fields": {"action_time": "2022-02-06T16:32:21.090Z", "user": 1, "content_type": 15, "object_id": "7", "object_repr": "debica", "action_flag": 2, "change_message": "[{\"changed\": {\"fields\": [\"Image\"]}}]"}}, {"model": "admin.logentry", "pk": 62, "fields": {"action_time": "2022-02-06T16:34:11.248Z", "user": 1, "content_type": 15, "object_id": "7", "object_repr": "debica", "action_flag": 2, "change_message": "[{\"changed\": {\"fields\": [\"Image\"]}}]"}}, {"model": "admin.logentry", "pk": 63, "fields": {"action_time": "2022-02-06T16:37:19.909Z", "user": 1, "content_type": 15, "object_id": "6", "object_repr": "goodyear", "action_flag": 2, "change_message": "[{\"changed\": {\"fields\": [\"Image\"]}}]"}}, {"model": "admin.logentry", "pk": 64, "fields": {"action_time": "2022-02-06T16:38:25.536Z", "user": 1, "content_type": 15, "object_id": "1", "object_repr": "falken", "action_flag": 2, "change_message": "[{\"changed\": {\"fields\": [\"Image\"]}}]"}}, {"model": "admin.logentry", "pk": 65, "fields": {"action_time": "2022-02-06T16:40:21.885Z", "user": 1, "content_type": 15, "object_id": "3", "object_repr": "continental", "action_flag": 2, "change_message": "[{\"changed\": {\"fields\": [\"Image\"]}}]"}}, {"model": "admin.logentry", "pk": 66, "fields": {"action_time": "2022-02-06T16:41:14.099Z", "user": 1, "content_type": 15, "object_id": "2", "object_repr": "bridgestone", "action_flag": 2, "change_message": "[{\"changed\": {\"fields\": [\"Image\"]}}]"}}, {"model": "admin.logentry", "pk": 67, "fields": {"action_time": "2022-02-06T16:42:40.412Z", "user": 1, "content_type": 15, "object_id": "4", "object_repr": "dunlop", "action_flag": 2, "change_message": "[{\"changed\": {\"fields\": [\"Image\"]}}]"}}, {"model": "admin.logentry", "pk": 68, "fields": {"action_time": "2022-02-06T19:43:49.502Z", "user": 1, "content_type": 15, "object_id": "9", "object_repr": "pirelli", "action_flag": 1, "change_message": "[{\"added\": {}}]"}}, {"model": "admin.logentry", "pk": 69, "fields": {"action_time": "2022-02-06T19:45:31.821Z", "user": 1, "content_type": 13, "object_id": "12", "object_repr": "Pirelli W 190 Snowcontrol Se 205/55 R16 91T", "action_flag": 1, "change_message": "[{\"added\": {}}]"}}, {"model": "admin.logentry", "pk": 70, "fields": {"action_time": "2022-02-06T19:48:15.709Z", "user": 1, "content_type": 13, "object_id": "13", "object_repr": "Bridgestone Blizzak LM-32 205/55 R16 91H", "action_flag": 1, "change_message": "[{\"added\": {}}]"}}, {"model": "admin.logentry", "pk": 71, "fields": {"action_time": "2022-02-06T19:48:55.821Z", "user": 1, "content_type": 13, "object_id": "13", "object_repr": "Bridgestone Blizzak LM-32 205/55 R16 91H", "action_flag": 2, "change_message": "[{\"changed\": {\"fields\": [\"Image\"]}}]"}}, {"model": "admin.logentry", "pk": 72, "fields": {"action_time": "2022-02-06T19:52:37.529Z", "user": 1, "content_type": 13, "object_id": "14", "object_repr": "Goodyear UltraGrip 8 205/55 R16 91H", "action_flag": 1, "change_message": "[{\"added\": {}}]"}}, {"model": "admin.logentry", "pk": 73, "fields": {"action_time": "2022-02-07T15:45:37.379Z", "user": 1, "content_type": 13, "object_id": "15", "object_repr": "Bridgestone Blizzak LM-30 175/65 R15 84T", "action_flag": 1, "change_message": "[{\"added\": {}}]"}}, {"model": "admin.logentry", "pk": 74, "fields": {"action_time": "2022-02-10T21:50:37.313Z", "user": 1, "content_type": 16, "object_id": "7", "object_repr": "17570R14", "action_flag": 2, "change_message": "[]"}}, {"model": "admin.logentry", "pk": 75, "fields": {"action_time": "2022-02-10T21:50:41.070Z", "user": 1, "content_type": 16, "object_id": "7", "object_repr": "17570R14", "action_flag": 2, "change_message": "[]"}}, {"model": "admin.logentry", "pk": 76, "fields": {"action_time": "2022-02-10T21:50:45.817Z", "user": 1, "content_type": 16, "object_id": "3", "object_repr": "17565R15", "action_flag": 2, "change_message": "[]"}}, {"model": "admin.logentry", "pk": 77, "fields": {"action_time": "2022-02-10T21:50:48.731Z", "user": 1, "content_type": 16, "object_id": "5", "object_repr": "19560R15", "action_flag": 2, "change_message": "[]"}}, {"model": "admin.logentry", "pk": 78, "fields": {"action_time": "2022-02-10T21:50:55.696Z", "user": 1, "content_type": 16, "object_id": "5", "object_repr": "19560R15", "action_flag": 2, "change_message": "[]"}}, {"model": "admin.logentry", "pk": 79, "fields": {"action_time": "2022-02-10T21:50:58.574Z", "user": 1, "content_type": 16, "object_id": "1", "object_repr": "20555R16", "action_flag": 2, "change_message": "[]"}}, {"model": "admin.logentry", "pk": 80, "fields": {"action_time": "2022-02-10T21:51:01.229Z", "user": 1, "content_type": 16, "object_id": "8", "object_repr": "21550R17", "action_flag": 2, "change_message": "[]"}}, {"model": "admin.logentry", "pk": 81, "fields": {"action_time": "2022-02-10T21:51:03.923Z", "user": 1, "content_type": 16, "object_id": "4", "object_repr": "22550R17", "action_flag": 2, "change_message": "[]"}}, {"model": "admin.logentry", "pk": 82, "fields": {"action_time": "2022-02-10T21:51:06.942Z", "user": 1, "content_type": 16, "object_id": "4", "object_repr": "22550R17", "action_flag": 2, "change_message": "[{\"changed\": {\"fields\": [\"Full size short\"]}}]"}}, {"model": "admin.logentry", "pk": 83, "fields": {"action_time": "2022-02-10T21:51:17.896Z", "user": 1, "content_type": 16, "object_id": "2", "object_repr": "23545R18", "action_flag": 2, "change_message": "[]"}}, {"model": "admin.logentry", "pk": 84, "fields": {"action_time": "2022-02-10T21:51:36.621Z", "user": 1, "content_type": 16, "object_id": "4", "object_repr": "22550R17", "action_flag": 2, "change_message": "[]"}}, {"model": "admin.logentry", "pk": 85, "fields": {"action_time": "2022-02-13T14:52:23.201Z", "user": 1, "content_type": 15, "object_id": "10", "object_repr": "hankook", "action_flag": 1, "change_message": "[{\"added\": {}}]"}}, {"model": "admin.logentry", "pk": 86, "fields": {"action_time": "2022-02-13T14:52:58.381Z", "user": 1, "content_type": 13, "object_id": "16", "object_repr": "Hankook Kinergy eco2 (K435) 175/70 R14 84T", "action_flag": 1, "change_message": "[{\"added\": {}}]"}}, {"model": "admin.logentry", "pk": 87, "fields": {"action_time": "2022-02-13T15:10:20.463Z", "user": 1, "content_type": 15, "object_id": "11", "object_repr": "vredestein", "action_flag": 1, "change_message": "[{\"added\": {}}]"}}, {"model": "admin.logentry", "pk": 88, "fields": {"action_time": "2022-02-13T15:11:31.335Z", "user": 1, "content_type": 13, "object_id": "17", "object_repr": "Vredestein T-Trac 2 175/70 R14 84T", "action_flag": 1, "change_message": "[{\"added\": {}}]"}}, {"model": "admin.logentry", "pk": 89, "fields": {"action_time": "2022-02-13T15:11:53.855Z", "user": 1, "content_type": 13, "object_id": "16", "object_repr": "Hankook Kinergy eco2 (K435) 175/70 R14 84T", "action_flag": 2, "change_message": "[{\"changed\": {\"fields\": [\"Description\"]}}]"}}, {"model": "admin.logentry", "pk": 90, "fields": {"action_time": "2022-02-13T15:22:12.032Z", "user": 1, "content_type": 13, "object_id": "18", "object_repr": "Hankook Kinergy eco2 (K435) 195/65 R15 91T", "action_flag": 1, "change_message": "[{\"added\": {}}]"}}, {"model": "admin.logentry", "pk": 91, "fields": {"action_time": "2022-02-13T15:24:05.027Z", "user": 1, "content_type": 15, "object_id": "12", "object_repr": "nokian", "action_flag": 1, "change_message": "[{\"added\": {}}]"}}, {"model": "admin.logentry", "pk": 92, "fields": {"action_time": "2022-02-13T15:25:13.181Z", "user": 1, "content_type": 13, "object_id": "19", "object_repr": "Nokian iLine 195/65 R15 91T", "action_flag": 1, "change_message": "[{\"added\": {}}]"}}, {"model": "admin.logentry", "pk": 93, "fields": {"action_time": "2022-02-13T15:29:57.470Z", "user": 1, "content_type": 16, "object_id": "9", "object_repr": "16565R14", "action_flag": 1, "change_message": "[{\"added\": {}}]"}}, {"model": "admin.logentry", "pk": 94, "fields": {"action_time": "2022-02-13T15:30:30.270Z", "user": 1, "content_type": 13, "object_id": "20", "object_repr": "Hankook Kinergy eco2 (K435) 165/65 R14 79T", "action_flag": 1, "change_message": "[{\"added\": {}}]"}}, {"model": "admin.logentry", "pk": 95, "fields": {"action_time": "2022-02-13T15:32:21.044Z", "user": 1, "content_type": 15, "object_id": "13", "object_repr": "firestone", "action_flag": 1, "change_message": "[{\"added\": {}}]"}}, {"model": "admin.logentry", "pk": 96, "fields": {"action_time": "2022-02-13T15:33:06.772Z", "user": 1, "content_type": 13, "object_id": "21", "object_repr": "Firestone MULTIHAWK2 165/65 R14 79T", "action_flag": 1, "change_message": "[{\"added\": {}}]"}}, {"model": "admin.logentry", "pk": 97, "fields": {"action_time": "2022-02-13T15:38:05.685Z", "user": 1, "content_type": 16, "object_id": "6", "object_repr": "19565R15", "action_flag": 2, "change_message": "[{\"changed\": {\"fields\": [\"Full size short\"]}}]"}}, {"model": "admin.logentry", "pk": 98, "fields": {"action_time": "2022-02-13T15:50:11.642Z", "user": 1, "content_type": 16, "object_id": "10", "object_repr": "15580R13", "action_flag": 1, "change_message": "[{\"added\": {}}]"}}, {"model": "admin.logentry", "pk": 99, "fields": {"action_time": "2022-02-13T15:50:33.621Z", "user": 1, "content_type": 13, "object_id": "22", "object_repr": "Falken Sincera SN-832 155/80 R13 79T", "action_flag": 1, "change_message": "[{\"added\": {}}]"}}, {"model": "admin.logentry", "pk": 100, "fields": {"action_time": "2022-02-13T18:04:04.757Z", "user": 1, "content_type": 13, "object_id": "23", "object_repr": "Nankang Econex NA-1 155/80 R13 79T", "action_flag": 1, "change_message": "[{\"added\": {}}]"}}, {"model": "admin.logentry", "pk": 101, "fields": {"action_time": "2022-02-13T18:05:16.869Z", "user": 1, "content_type": 13, "object_id": "24", "object_repr": "Hankook Kinergy eco2 (K435) 155/80 R13 79T", "action_flag": 1, "change_message": "[{\"added\": {}}]"}}, {"model": "admin.logentry", "pk": 102, "fields": {"action_time": "2022-02-13T18:05:55.453Z", "user": 1, "content_type": 13, "object_id": "24", "object_repr": "Hankook Kinergy eco2 (K435) 155/80 R13 79T", "action_flag": 2, "change_message": "[{\"changed\": {\"fields\": [\"Ean code\", \"Price\", \"Image\"]}}]"}}, {"model": "admin.logentry", "pk": 103, "fields": {"action_time": "2022-02-13T18:07:34.241Z", "user": 1, "content_type": 15, "object_id": "14", "object_repr": "toyo", "action_flag": 1, "change_message": "[{\"added\": {}}]"}}, {"model": "admin.logentry", "pk": 104, "fields": {"action_time": "2022-02-13T18:09:04.394Z", "user": 1, "content_type": 13, "object_id": "25", "object_repr": "Toyo NanoEnergy 3 155/80 R13 79T", "action_flag": 1, "change_message": "[{\"added\": {}}]"}}, {"model": "admin.logentry", "pk": 105, "fields": {"action_time": "2022-02-13T18:12:34.921Z", "user": 1, "content_type": 13, "object_id": "26", "object_repr": "Nokian WR D4 155/80 R13 79T", "action_flag": 1, "change_message": "[{\"added\": {}}]"}}, {"model": "admin.logentry", "pk": 106, "fields": {"action_time": "2022-02-13T18:14:35.163Z", "user": 1, "content_type": 13, "object_id": "27", "object_repr": "Nokian WR D4 175/65 R15 84T", "action_flag": 1, "change_message": "[{\"added\": {}}]"}}, {"model": "admin.logentry", "pk": 107, "fields": {"action_time": "2022-02-13T18:16:16.986Z", "user": 1, "content_type": 16, "object_id": "11", "object_repr": "19555R16", "action_flag": 1, "change_message": "[{\"added\": {}}]"}}, {"model": "admin.logentry", "pk": 108, "fields": {"action_time": "2022-02-13T18:17:13.497Z", "user": 1, "content_type": 13, "object_id": "28", "object_repr": "Nokian WR D4 195/55 R16 91H", "action_flag": 1, "change_message": "[{\"added\": {}}]"}}, {"model": "admin.logentry", "pk": 109, "fields": {"action_time": "2022-02-13T18:19:00.594Z", "user": 1, "content_type": 13, "object_id": "29", "object_repr": "Nokian WR D4 195/65 R15 91T", "action_flag": 1, "change_message": "[{\"added\": {}}]"}}, {"model": "admin.logentry", "pk": 110, "fields": {"action_time": "2022-02-13T18:19:19.495Z", "user": 1, "content_type": 13, "object_id": "29", "object_repr": "Nokian WR D4 195/65 R15 91T", "action_flag": 2, "change_message": "[{\"changed\": {\"fields\": [\"Image\"]}}]"}}, {"model": "admin.logentry", "pk": 111, "fields": {"action_time": "2022-02-13T20:27:30.490Z", "user": 1, "content_type": 13, "object_id": "30", "object_repr": "Nokian Snowproof 205/55 R16 91H", "action_flag": 1, "change_message": "[{\"added\": {}}]"}}, {"model": "admin.logentry", "pk": 112, "fields": {"action_time": "2022-02-13T20:29:19.637Z", "user": 1, "content_type": 13, "object_id": "31", "object_repr": "Nokian WR D4 205/55 R16 91H", "action_flag": 1, "change_message": "[{\"added\": {}}]"}}, {"model": "admin.logentry", "pk": 113, "fields": {"action_time": "2022-02-13T20:38:47.947Z", "user": 1, "content_type": 13, "object_id": "32", "object_repr": "Nokian WR A4 205/55 R16 91H", "action_flag": 1, "change_message": "[{\"added\": {}}]"}}, {"model": "admin.logentry", "pk": 114, "fields": {"action_time": "2022-02-13T20:40:47.646Z", "user": 1, "content_type": 13, "object_id": "33", "object_repr": "Nokian iLine 205/55 R16 91H", "action_flag": 1, "change_message": "[{\"added\": {}}]"}}, {"model": "admin.logentry", "pk": 115, "fields": {"action_time": "2022-02-14T18:17:13.987Z", "user": 1, "content_type": 16, "object_id": "12", "object_repr": "18565R15", "action_flag": 1, "change_message": "[{\"added\": {}}]"}}, {"model": "admin.logentry", "pk": 116, "fields": {"action_time": "2022-02-16T16:20:21.976Z", "user": 1, "content_type": 16, "object_id": "10", "object_repr": "15580R13", "action_flag": 2, "change_message": "[]"}}, {"model": "admin.logentry", "pk": 117, "fields": {"action_time": "2022-02-16T16:20:28.849Z", "user": 1, "content_type": 16, "object_id": "9", "object_repr": "16565R14", "action_flag": 2, "change_message": "[]"}}, {"model": "admin.logentry", "pk": 118, "fields": {"action_time": "2022-02-16T16:20:32.134Z", "user": 1, "content_type": 16, "object_id": "7", "object_repr": "17570R14", "action_flag": 2, "change_message": "[]"}}, {"model": "admin.logentry", "pk": 119, "fields": {"action_time": "2022-02-16T16:20:40.130Z", "user": 1, "content_type": 16, "object_id": "3", "object_repr": "17565R15", "action_flag": 2, "change_message": "[]"}}, {"model": "admin.logentry", "pk": 120, "fields": {"action_time": "2022-02-16T16:20:44.058Z", "user": 1, "content_type": 16, "object_id": "12", "object_repr": "18565R15", "action_flag": 2, "change_message": "[]"}}, {"model": "admin.logentry", "pk": 121, "fields": {"action_time": "2022-02-16T16:21:43.274Z", "user": 1, "content_type": 16, "object_id": "5", "object_repr": "19560R15", "action_flag": 2, "change_message": "[]"}}, {"model": "admin.logentry", "pk": 122, "fields": {"action_time": "2022-02-16T16:21:47.979Z", "user": 1, "content_type": 16, "object_id": "6", "object_repr": "19565R15", "action_flag": 2, "change_message": "[]"}}, {"model": "admin.logentry", "pk": 123, "fields": {"action_time": "2022-02-16T16:21:50.920Z", "user": 1, "content_type": 16, "object_id": "11", "object_repr": "19555R16", "action_flag": 2, "change_message": "[]"}}, {"model": "admin.logentry", "pk": 124, "fields": {"action_time": "2022-02-16T16:21:53.765Z", "user": 1, "content_type": 16, "object_id": "1", "object_repr": "20555R16", "action_flag": 2, "change_message": "[]"}}, {"model": "admin.logentry", "pk": 125, "fields": {"action_time": "2022-02-16T16:21:58.427Z", "user": 1, "content_type": 16, "object_id": "8", "object_repr": "21550R17", "action_flag": 2, "change_message": "[]"}}, {"model": "admin.logentry", "pk": 126, "fields": {"action_time": "2022-02-16T16:22:00.669Z", "user": 1, "content_type": 16, "object_id": "4", "object_repr": "22550R17", "action_flag": 2, "change_message": "[]"}}, {"model": "admin.logentry", "pk": 127, "fields": {"action_time": "2022-02-16T16:22:02.756Z", "user": 1, "content_type": 16, "object_id": "2", "object_repr": "23545R18", "action_flag": 2, "change_message": "[]"}}, {"model": "admin.logentry", "pk": 128, "fields": {"action_time": "2022-02-17T13:13:21.539Z", "user": 1, "content_type": 13, "object_id": "30", "object_repr": "Nokian Snowproof 205/55 R16 91H", "action_flag": 2, "change_message": "[{\"changed\": {\"fields\": [\"Image\"]}}]"}}, {"model": "admin.logentry", "pk": 129, "fields": {"action_time": "2022-02-17T13:14:57.227Z", "user": 1, "content_type": 13, "object_id": "34", "object_repr": "Nokian Snowproof 165/65 R14 79T", "action_flag": 1, "change_message": "[{\"added\": {}}]"}}, {"model": "admin.logentry", "pk": 130, "fields": {"action_time": "2022-02-17T13:19:11.912Z", "user": 1, "content_type": 13, "object_id": "35", "object_repr": "Nokian Snowproof 175/70 R14 84T", "action_flag": 1, "change_message": "[{\"added\": {}}]"}}, {"model": "admin.logentry", "pk": 131, "fields": {"action_time": "2022-02-17T13:25:44.463Z", "user": 1, "content_type": 13, "object_id": "36", "object_repr": "Nokian WR D4 185/65 R15 88T", "action_flag": 1, "change_message": "[{\"added\": {}}]"}}, {"model": "admin.logentry", "pk": 132, "fields": {"action_time": "2022-02-17T13:29:36.551Z", "user": 1, "content_type": 13, "object_id": "37", "object_repr": "Goodyear UltraGrip 8 185/65 R15 88T", "action_flag": 1, "change_message": "[{\"added\": {}}]"}}, {"model": "admin.logentry", "pk": 133, "fields": {"action_time": "2022-02-17T13:33:12.662Z", "user": 1, "content_type": 13, "object_id": "38", "object_repr": "Nankang Snow SV-2 195/60 R15 92H", "action_flag": 1, "change_message": "[{\"added\": {}}]"}}, {"model": "admin.logentry", "pk": 134, "fields": {"action_time": "2022-02-17T13:35:37.598Z", "user": 1, "content_type": 13, "object_id": "39", "object_repr": "Pirelli Cinturato Winter 195/60 R15 88T", "action_flag": 1, "change_message": "[{\"added\": {}}]"}}, {"model": "admin.logentry", "pk": 135, "fields": {"action_time": "2022-02-17T13:42:58.828Z", "user": 1, "content_type": 13, "object_id": "40", "object_repr": "Hankook Winter i-cept RS2 (W452) 205/55 R16 91T", "action_flag": 1, "change_message": "[{\"added\": {}}]"}}, {"model": "admin.logentry", "pk": 136, "fields": {"action_time": "2022-02-17T13:44:53.389Z", "user": 1, "content_type": 13, "object_id": "41", "object_repr": "Pirelli Cinturato Winter 205/55 R16 91T", "action_flag": 1, "change_message": "[{\"added\": {}}]"}}, {"model": "admin.logentry", "pk": 137, "fields": {"action_time": "2022-02-17T13:46:57.266Z", "user": 1, "content_type": 13, "object_id": "42", "object_repr": "Pirelli WINTER SOTTOZERO SERIE II 205/55 R16 94V", "action_flag": 1, "change_message": "[{\"added\": {}}]"}}, {"model": "admin.logentry", "pk": 138, "fields": {"action_time": "2022-02-17T13:58:07.414Z", "user": 1, "content_type": 13, "object_id": "43", "object_repr": "Nankang Snow SV-2 205/55 R16 94H", "action_flag": 1, "change_message": "[{\"added\": {}}]"}}, {"model": "admin.logentry", "pk": 139, "fields": {"action_time": "2022-02-20T00:23:28.174Z", "user": 1, "content_type": 17, "object_id": "1", "object_repr": "6D84259AE1D8457EA24D0120427674BE", "action_flag": 1, "change_message": "[{\"added\": {}}, {\"added\": {\"name\": \"order line item\", \"object\": \"EAN 3286340281010 on order 6D84259AE1D8457EA24D0120427674BE\"}}]"}}, {"model": "admin.logentry", "pk": 140, "fields": {"action_time": "2022-02-20T00:23:45.484Z", "user": 1, "content_type": 17, "object_id": "1", "object_repr": "6D84259AE1D8457EA24D0120427674BE", "action_flag": 3, "change_message": ""}}, {"model": "admin.logentry", "pk": 141, "fields": {"action_time": "2022-02-20T00:24:07.588Z", "user": 1, "content_type": 17, "object_id": "1", "object_repr": "6D84259AE1D8457EA24D0120427674BE", "action_flag": 3, "change_message": ""}}, {"model": "admin.logentry", "pk": 142, "fields": {"action_time": "2022-02-20T00:26:48.070Z", "user": 1, "content_type": 17, "object_id": "1", "object_repr": "6D84259AE1D8457EA24D0120427674BE", "action_flag": 3, "change_message": ""}}, {"model": "admin.logentry", "pk": 143, "fields": {"action_time": "2022-02-20T00:30:18.948Z", "user": 1, "content_type": 17, "object_id": "1", "object_repr": "6D84259AE1D8457EA24D0120427674BE", "action_flag": 3, "change_message": ""}}, {"model": "admin.logentry", "pk": 144, "fields": {"action_time": "2022-02-20T00:31:11.363Z", "user": 1, "content_type": 17, "object_id": "1", "object_repr": "6D84259AE1D8457EA24D0120427674BE", "action_flag": 2, "change_message": "[{\"added\": {\"name\": \"order line item\", \"object\": \"EAN 3286341270310 on order 6D84259AE1D8457EA24D0120427674BE\"}}]"}}, {"model": "admin.logentry", "pk": 145, "fields": {"action_time": "2022-02-20T00:31:16.769Z", "user": 1, "content_type": 17, "object_id": "1", "object_repr": "6D84259AE1D8457EA24D0120427674BE", "action_flag": 2, "change_message": "[{\"deleted\": {\"name\": \"order line item\", \"object\": \"EAN 3286340281010 on order 6D84259AE1D8457EA24D0120427674BE\"}}]"}}, {"model": "admin.logentry", "pk": 146, "fields": {"action_time": "2022-02-20T13:50:12.710Z", "user": 1, "content_type": 17, "object_id": "1", "object_repr": "6D84259AE1D8457EA24D0120427674BE", "action_flag": 3, "change_message": ""}}, {"model": "admin.logentry", "pk": 147, "fields": {"action_time": "2022-02-20T13:53:46.642Z", "user": 1, "content_type": 17, "object_id": "1", "object_repr": "6D84259AE1D8457EA24D0120427674BE", "action_flag": 3, "change_message": ""}}, {"model": "admin.logentry", "pk": 148, "fields": {"action_time": "2022-02-20T18:57:54.327Z", "user": 1, "content_type": 17, "object_id": "1", "object_repr": "6D84259AE1D8457EA24D0120427674BE", "action_flag": 3, "change_message": ""}}, {"model": "admin.logentry", "pk": 149, "fields": {"action_time": "2022-02-21T01:54:08.248Z", "user": 1, "content_type": 17, "object_id": "24", "object_repr": "64790C4346FF4B15B02FE26A0684EF53", "action_flag": 3, "change_message": ""}}, {"model": "admin.logentry", "pk": 150, "fields": {"action_time": "2022-02-21T01:54:08.252Z", "user": 1, "content_type": 17, "object_id": "23", "object_repr": "8F001EE7F7C841A8A58A068BDAF387FB", "action_flag": 3, "change_message": ""}}, {"model": "admin.logentry", "pk": 151, "fields": {"action_time": "2022-02-21T01:54:08.254Z", "user": 1, "content_type": 17, "object_id": "22", "object_repr": "1958ED8DF1E341C38CA3BCD97242B61A", "action_flag": 3, "change_message": ""}}, {"model": "admin.logentry", "pk": 152, "fields": {"action_time": "2022-02-21T01:54:08.257Z", "user": 1, "content_type": 17, "object_id": "21", "object_repr": "A53B95151B244743B529AB3428F1C267", "action_flag": 3, "change_message": ""}}, {"model": "admin.logentry", "pk": 153, "fields": {"action_time": "2022-02-21T01:54:08.259Z", "user": 1, "content_type": 17, "object_id": "20", "object_repr": "CDA157E344BF4FFEA66FF13BF74B2C20", "action_flag": 3, "change_message": ""}}, {"model": "admin.logentry", "pk": 154, "fields": {"action_time": "2022-02-21T01:54:08.262Z", "user": 1, "content_type": 17, "object_id": "19", "object_repr": "22C11532D10843E7A7F43708AB23C7BB", "action_flag": 3, "change_message": ""}}, {"model": "admin.logentry", "pk": 155, "fields": {"action_time": "2022-02-21T01:54:08.264Z", "user": 1, "content_type": 17, "object_id": "18", "object_repr": "BCF04E540AB44736A12CEDDF8924FE65", "action_flag": 3, "change_message": ""}}, {"model": "admin.logentry", "pk": 156, "fields": {"action_time": "2022-02-21T01:54:08.267Z", "user": 1, "content_type": 17, "object_id": "17", "object_repr": "316EC7132AF84C8FB7D58FF8E5F22896", "action_flag": 3, "change_message": ""}}, {"model": "admin.logentry", "pk": 157, "fields": {"action_time": "2022-02-21T01:54:08.269Z", "user": 1, "content_type": 17, "object_id": "16", "object_repr": "D4404A1F7D7146859DFFE9B98D4E0622", "action_flag": 3, "change_message": ""}}, {"model": "admin.logentry", "pk": 158, "fields": {"action_time": "2022-02-21T01:54:08.272Z", "user": 1, "content_type": 17, "object_id": "15", "object_repr": "4ABF9F322C924FD4B2646E3123B6B426", "action_flag": 3, "change_message": ""}}, {"model": "admin.logentry", "pk": 159, "fields": {"action_time": "2022-02-21T01:54:08.275Z", "user": 1, "content_type": 17, "object_id": "14", "object_repr": "C3C8CFE18D724735917D13AABF4845ED", "action_flag": 3, "change_message": ""}}, {"model": "admin.logentry", "pk": 160, "fields": {"action_time": "2022-02-21T01:54:08.277Z", "user": 1, "content_type": 17, "object_id": "13", "object_repr": "48C7F730B9D34CDAA240E2E055F60EA7", "action_flag": 3, "change_message": ""}}, {"model": "admin.logentry", "pk": 161, "fields": {"action_time": "2022-02-21T01:54:08.279Z", "user": 1, "content_type": 17, "object_id": "12", "object_repr": "9B9D3F83872D42BAA4EBD7B8BB40D641", "action_flag": 3, "change_message": ""}}, {"model": "admin.logentry", "pk": 162, "fields": {"action_time": "2022-02-21T01:54:08.282Z", "user": 1, "content_type": 17, "object_id": "11", "object_repr": "2059F485609B4B118822E9D556C68669", "action_flag": 3, "change_message": ""}}, {"model": "admin.logentry", "pk": 163, "fields": {"action_time": "2022-02-21T01:54:08.287Z", "user": 1, "content_type": 17, "object_id": "10", "object_repr": "C09C044C24F945839C09D2148676CEA1", "action_flag": 3, "change_message": ""}}, {"model": "admin.logentry", "pk": 164, "fields": {"action_time": "2022-02-21T01:54:08.290Z", "user": 1, "content_type": 17, "object_id": "9", "object_repr": "9268BCFA87E6492BA47E020EA8DF040C", "action_flag": 3, "change_message": ""}}, {"model": "admin.logentry", "pk": 165, "fields": {"action_time": "2022-02-21T01:54:08.292Z", "user": 1, "content_type": 17, "object_id": "8", "object_repr": "A86E7275F6124418807BE722C04E704E", "action_flag": 3, "change_message": ""}}, {"model": "admin.logentry", "pk": 166, "fields": {"action_time": "2022-02-21T01:54:08.295Z", "user": 1, "content_type": 17, "object_id": "7", "object_repr": "4E65DD8E0D5543FD8BD1661FB3917F54", "action_flag": 3, "change_message": ""}}, {"model": "admin.logentry", "pk": 167, "fields": {"action_time": "2022-02-21T01:54:08.298Z", "user": 1, "content_type": 17, "object_id": "6", "object_repr": "E96B3784A5F246DBB1B4D9A6A4E0856F", "action_flag": 3, "change_message": ""}}, {"model": "admin.logentry", "pk": 168, "fields": {"action_time": "2022-02-21T01:54:08.300Z", "user": 1, "content_type": 17, "object_id": "5", "object_repr": "7030B4882DB641AE804E540433629968", "action_flag": 3, "change_message": ""}}, {"model": "admin.logentry", "pk": 169, "fields": {"action_time": "2022-02-21T01:54:08.303Z", "user": 1, "content_type": 17, "object_id": "4", "object_repr": "F5ED69D055F9487E85F4B5F1DD6D52C9", "action_flag": 3, "change_message": ""}}, {"model": "admin.logentry", "pk": 170, "fields": {"action_time": "2022-02-21T01:54:08.306Z", "user": 1, "content_type": 17, "object_id": "3", "object_repr": "8CA6BB96D577497C92E5673CB57C46D0", "action_flag": 3, "change_message": ""}}, {"model": "admin.logentry", "pk": 171, "fields": {"action_time": "2022-02-21T01:54:08.309Z", "user": 1, "content_type": 17, "object_id": "2", "object_repr": "BA2A5305A58840069ADCAB29563D710F", "action_flag": 3, "change_message": ""}}, {"model": "admin.logentry", "pk": 172, "fields": {"action_time": "2022-02-24T21:30:26.088Z", "user": 1, "content_type": 17, "object_id": "38", "object_repr": "54BD9B4A3BE14D419A6B31E7F4DE3846", "action_flag": 3, "change_message": ""}}, {"model": "admin.logentry", "pk": 173, "fields": {"action_time": "2022-02-24T21:30:26.096Z", "user": 1, "content_type": 17, "object_id": "37", "object_repr": "5C64418B96CF4F5280E851C1A7FF875A", "action_flag": 3, "change_message": ""}}, {"model": "admin.logentry", "pk": 174, "fields": {"action_time": "2022-02-24T21:30:26.115Z", "user": 1, "content_type": 17, "object_id": "36", "object_repr": "5AF3CABD9BE14FDAB86BCAAD478B62ED", "action_flag": 3, "change_message": ""}}, {"model": "admin.logentry", "pk": 175, "fields": {"action_time": "2022-02-24T21:30:26.127Z", "user": 1, "content_type": 17, "object_id": "35", "object_repr": "2F150C58640343EABA89BC8409AB5A92", "action_flag": 3, "change_message": ""}}, {"model": "admin.logentry", "pk": 176, "fields": {"action_time": "2022-02-24T21:30:26.142Z", "user": 1, "content_type": 17, "object_id": "34", "object_repr": "57C53D545A394EFE818F083B03FB1C41", "action_flag": 3, "change_message": ""}}, {"model": "admin.logentry", "pk": 177, "fields": {"action_time": "2022-02-24T21:30:26.149Z", "user": 1, "content_type": 17, "object_id": "33", "object_repr": "D05BF19260D64590A75EB2DE62E63212", "action_flag": 3, "change_message": ""}}, {"model": "admin.logentry", "pk": 178, "fields": {"action_time": "2022-02-24T21:30:26.164Z", "user": 1, "content_type": 17, "object_id": "32", "object_repr": "92F06F3F709C413896899481F992A835", "action_flag": 3, "change_message": ""}}, {"model": "admin.logentry", "pk": 179, "fields": {"action_time": "2022-02-24T21:30:26.171Z", "user": 1, "content_type": 17, "object_id": "31", "object_repr": "6AF508D0627E4E348EC19CDD037D3C4A", "action_flag": 3, "change_message": ""}}, {"model": "admin.logentry", "pk": 180, "fields": {"action_time": "2022-02-24T21:30:26.182Z", "user": 1, "content_type": 17, "object_id": "30", "object_repr": "56016766BE5F4A7F8D03F70E7EE0F578", "action_flag": 3, "change_message": ""}}, {"model": "admin.logentry", "pk": 181, "fields": {"action_time": "2022-02-24T21:30:26.195Z", "user": 1, "content_type": 17, "object_id": "29", "object_repr": "97281D09BA754CB6BF0E0EFD67CB0B06", "action_flag": 3, "change_message": ""}}, {"model": "admin.logentry", "pk": 182, "fields": {"action_time": "2022-02-24T21:30:26.212Z", "user": 1, "content_type": 17, "object_id": "28", "object_repr": "E22DD50835BF4404887A01299F8BCC4C", "action_flag": 3, "change_message": ""}}, {"model": "admin.logentry", "pk": 183, "fields": {"action_time": "2022-02-24T21:30:26.224Z", "user": 1, "content_type": 17, "object_id": "27", "object_repr": "D44EBE90EC4D43FC824290FF9E1CC2B6", "action_flag": 3, "change_message": ""}}, {"model": "admin.logentry", "pk": 184, "fields": {"action_time": "2022-02-24T21:30:26.236Z", "user": 1, "content_type": 17, "object_id": "26", "object_repr": "79A78B24B01E4E51B41F330207164F12", "action_flag": 3, "change_message": ""}}, {"model": "admin.logentry", "pk": 185, "fields": {"action_time": "2022-02-24T21:30:26.256Z", "user": 1, "content_type": 17, "object_id": "25", "object_repr": "50771A880E784040B51870EAD10A5C7B", "action_flag": 3, "change_message": ""}}, {"model": "admin.logentry", "pk": 186, "fields": {"action_time": "2022-02-24T22:44:55.861Z", "user": 1, "content_type": 19, "object_id": "1", "object_repr": "maris", "action_flag": 1, "change_message": "[{\"added\": {}}]"}}, {"model": "admin.logentry", "pk": 187, "fields": {"action_time": "2022-02-25T00:47:27.969Z", "user": 1, "content_type": 19, "object_id": "2", "object_repr": "wheels", "action_flag": 1, "change_message": "[{\"added\": {}}]"}}, {"model": "admin.logentry", "pk": 188, "fields": {"action_time": "2022-02-26T21:01:59.281Z", "user": 1, "content_type": 17, "object_id": "9", "object_repr": "8A87BA0E338C45D1908C546B743E3F41", "action_flag": 3, "change_message": ""}}, {"model": "admin.logentry", "pk": 189, "fields": {"action_time": "2022-02-26T22:05:26.364Z", "user": 1, "content_type": 17, "object_id": "13", "object_repr": "29D263CB832747CFB6508F43ECF28C0D", "action_flag": 3, "change_message": ""}}, {"model": "admin.logentry", "pk": 190, "fields": {"action_time": "2022-02-26T22:05:26.377Z", "user": 1, "content_type": 17, "object_id": "12", "object_repr": "27A2362716F44F33A4DB0B563D237206", "action_flag": 3, "change_message": ""}}, {"model": "admin.logentry", "pk": 191, "fields": {"action_time": "2022-02-26T22:05:26.382Z", "user": 1, "content_type": 17, "object_id": "11", "object_repr": "71163D7007BF4370B0DE49CF35853756", "action_flag": 3, "change_message": ""}}, {"model": "admin.logentry", "pk": 192, "fields": {"action_time": "2022-02-26T22:05:26.387Z", "user": 1, "content_type": 17, "object_id": "10", "object_repr": "73BCDC6BC5504A0B8D91167230D2EC90", "action_flag": 3, "change_message": ""}}, {"model": "admin.logentry", "pk": 193, "fields": {"action_time": "2022-02-26T22:05:26.391Z", "user": 1, "content_type": 17, "object_id": "8", "object_repr": "E2A2DE0EC8084348BA9427820F3F4E78", "action_flag": 3, "change_message": ""}}, {"model": "admin.logentry", "pk": 194, "fields": {"action_time": "2022-02-26T22:05:26.395Z", "user": 1, "content_type": 17, "object_id": "7", "object_repr": "12B6473A592D49C1925E2B6E1D9C4620", "action_flag": 3, "change_message": ""}}, {"model": "admin.logentry", "pk": 195, "fields": {"action_time": "2022-02-26T22:05:26.399Z", "user": 1, "content_type": 17, "object_id": "6", "object_repr": "1FD42C5A13354AA39BF211DA2ED82196", "action_flag": 3, "change_message": ""}}, {"model": "admin.logentry", "pk": 196, "fields": {"action_time": "2022-02-26T22:05:26.404Z", "user": 1, "content_type": 17, "object_id": "5", "object_repr": "837905FABABB47549255ECB4B7F2D899", "action_flag": 3, "change_message": ""}}, {"model": "admin.logentry", "pk": 197, "fields": {"action_time": "2022-02-26T22:05:31.182Z", "user": 1, "content_type": 17, "object_id": "4", "object_repr": "7D2B6B68E82047D5A39F6704522619DB", "action_flag": 3, "change_message": ""}}, {"model": "admin.logentry", "pk": 198, "fields": {"action_time": "2022-02-26T22:05:31.188Z", "user": 1, "content_type": 17, "object_id": "3", "object_repr": "2DD196DACA9C440FB54EE17A52AFF465", "action_flag": 3, "change_message": ""}}, {"model": "admin.logentry", "pk": 199, "fields": {"action_time": "2022-02-26T22:05:31.195Z", "user": 1, "content_type": 17, "object_id": "2", "object_repr": "19620EE298024D9E990609E02255ABBA", "action_flag": 3, "change_message": ""}}, {"model": "admin.logentry", "pk": 200, "fields": {"action_time": "2022-02-26T22:05:31.199Z", "user": 1, "content_type": 17, "object_id": "1", "object_repr": "F30E807A30A04DCAAC686AC1C9A8AFD6", "action_flag": 3, "change_message": ""}}, {"model": "admin.logentry", "pk": 201, "fields": {"action_time": "2022-02-26T22:38:47.353Z", "user": 1, "content_type": 17, "object_id": "18", "object_repr": "F692A77F10DE47AD9A38D892D71F8734", "action_flag": 3, "change_message": ""}}, {"model": "admin.logentry", "pk": 202, "fields": {"action_time": "2022-02-26T22:38:47.358Z", "user": 1, "content_type": 17, "object_id": "16", "object_repr": "061AE5127436495DAF7662A779ACDFF8", "action_flag": 3, "change_message": ""}}, {"model": "admin.logentry", "pk": 203, "fields": {"action_time": "2022-02-26T22:38:47.363Z", "user": 1, "content_type": 17, "object_id": "14", "object_repr": "D25D415683804386881DCDFC6704E108", "action_flag": 3, "change_message": ""}}, {"model": "admin.logentry", "pk": 204, "fields": {"action_time": "2022-02-26T22:59:33.780Z", "user": 1, "content_type": 17, "object_id": "20", "object_repr": "BFA76CA74FFF45818FC5297A4E04B4C4", "action_flag": 3, "change_message": ""}}, {"model": "admin.logentry", "pk": 205, "fields": {"action_time": "2022-02-26T22:59:33.794Z", "user": 1, "content_type": 17, "object_id": "19", "object_repr": "3A752EB550DB45E7BC1ED72676C4E495", "action_flag": 3, "change_message": ""}}, {"model": "admin.logentry", "pk": 206, "fields": {"action_time": "2022-02-26T22:59:33.798Z", "user": 1, "content_type": 17, "object_id": "17", "object_repr": "F62A168942E04B94B31236D961E62DF1", "action_flag": 3, "change_message": ""}}, {"model": "admin.logentry", "pk": 207, "fields": {"action_time": "2022-02-26T22:59:33.802Z", "user": 1, "content_type": 17, "object_id": "15", "object_repr": "6501A0C495E648F49DAB75AB949C0D04", "action_flag": 3, "change_message": ""}}, {"model": "admin.logentry", "pk": 208, "fields": {"action_time": "2022-02-26T22:59:37.617Z", "user": 1, "content_type": 17, "object_id": "21", "object_repr": "D1CDE00D38B54E1DA7B6AB1BA5871C05", "action_flag": 3, "change_message": ""}}, {"model": "auth.user", "pk": 1, "fields": {"password": "pbkdf2_sha256$260000$PmICBEJz4kEHKcitCiv0mq$5qMxmeKIq/a9Ki9J5ET7LpuMISPl6IOtxpuKuAtpXLE=", "last_login": "2022-02-27T02:07:22.021Z", "is_superuser": true, "username": "maris", "first_name": "", "last_name": "", "email": "", "is_staff": true, "is_active": true, "date_joined": "2022-01-29T17:10:36.280Z", "groups": [], "user_permissions": []}}, {"model": "auth.user", "pk": 2, "fields": {"password": "pbkdf2_sha256$260000$0xFS16lBeBpsPZOxGlsd7s$mtxomOvB7W8ls1zDlHzLBbsWj/uTR9dOAwcGp+PS7Ug=", "last_login": "2022-02-27T01:44:18.831Z", "is_superuser": false, "username": "wheels", "first_name": "", "last_name": "", "email": "info@wheels.com", "is_staff": false, "is_active": true, "date_joined": "2022-02-25T00:25:55.378Z", "groups": [], "user_permissions": []}}, {"model": "sessions.session", "pk": "1grg4ju3wbd4qhao9x36b1uwcyg35hio", "fields": {"session_data": ".eJxVjMsOwiAQRf-FtSEw8pi6dO83NAMMUjWQlHZl_HdD0oVu7znnvsVM-1bmvfM6L0lchBan3y1QfHIdID2o3puMrW7rEuRQ5EG7vLXEr-vh_h0U6mXUrKOGjFM0CnRgleyEyYMCCo6yNzlHsBDYk4sBDKJNQAiMZ0-Ynfh8AfFzODM:1nIGk0:vGWfOeDuK8gRbWnLgHYWlyT2DTtycFC8cadTI9baFwU", "expire_date": "2022-02-24T21:12:36.181Z"}}, {"model": "sessions.session", "pk": "2w0cih1fikullunttn7pgnkdfqfn3cqb", "fields": {"session_data": "e30:1nNMkX:NlVkhN-a4BG_g_hjXpfUL9Gi6_Y0rbyyxhUi9WQYWb0", "expire_date": "2022-03-10T22:38:13.011Z"}}, {"model": "sessions.session", "pk": "5b9wnscyr0x4bfirgahwixvic1pvdh7p", "fields": {"session_data": ".eJxVjEEOwiAQRe_C2hAY2zLt0r1nIAMMFjVgSptojHc3JF3o9r_331tY2tbZbpUXm4KYhBaH382Rv3FuIFwpX4r0Ja9LcrIpcqdVnkvg-2l3_wIz1bm9WXsNEUffKdCOVehHDAYUkBsomi5GDz04NjR4Bx1iH4AQGI-GMA4tWrnWVLLl5yMtLzGpzxefxT9w:1nDw31:E7gQh5HlEOkuAisagGWSzUfnXviHM5oKoEG1P2TfSYA", "expire_date": "2022-02-12T22:18:19.822Z"}}, {"model": "sessions.session", "pk": "6u751ar9l6tcf7riaolfhqpvsspw64le", "fields": {"session_data": ".eJxVjMsOwiAQRf-FtSEw8pi6dO83NAMMUjWQlHZl_HdD0oVu7znnvsVM-1bmvfM6L0lchBan3y1QfHIdID2o3puMrW7rEuRQ5EG7vLXEr-vh_h0U6mXUrKOGjFM0CnRgleyEyYMCCo6yNzlHsBDYk4sBDKJNQAiMZ0-Ynfh8AfFzODM:1nKM1K:KNE2feZ7MddgaudxrZuB26bZiHlyvVq26v3g1ujKsMk", "expire_date": "2022-03-02T15:15:06.395Z"}}, {"model": "sessions.session", "pk": "70lorfkvhroan8fvodihzh2eosulnzqs", "fields": {"session_data": ".eJxVjMsOwiAQRf-FtSEw8pi6dO83NAMMUjWQlHZl_HdD0oVu7znnvsVM-1bmvfM6L0lchBan3y1QfHIdID2o3puMrW7rEuRQ5EG7vLXEr-vh_h0U6mXUrKOGjFM0CnRgleyEyYMCCo6yNzlHsBDYk4sBDKJNQAiMZ0-Ynfh8AfFzODM:1nGR6A:Q0xnUGUtT1Ut3wQbTmi27Qrdqchrf9zHuVmnLiiapD8", "expire_date": "2022-02-19T19:51:54.616Z"}}, {"model": "sessions.session", "pk": "ajqhhk2olx38hlt7cu3ysb9jjnbyj1l8", "fields": {"session_data": "e30:1nNMiK:7COyY0lnG4I4MIWTqFvRCOy_E_qCapB7AwgqbsSaElY", "expire_date": "2022-03-10T22:35:56.139Z"}}, {"model": "sessions.session", "pk": "glrrj3pvc6dcmcd60nzshslly90y7qt3", "fields": {"session_data": ".eJxVjEFuwyAQRe8ya8uCCTaYZfY5AxpgqGkriMCuGkW5e2TJi3b73_vvCY72bXV75-ZyBAsShr-bp_DF5QDxk8pHHUMtW8t-PJTxpH281cjf19P9F1ipr8ebZZCYzBKUQOlZxGkxUaNA8jMlrVIKOKFnTXPwqIyZIpJBNhdNJs1HtHPvuRbHv_fcHmDFAJ1-2OWSKtit7TxAoLaBfYLSUs-IQmlhBFj1er0BukVMMg:1nO4ui:FSbHQEbDnjMqKJ_iG5H55LbPXCFx4oC6pj4L3VanR08", "expire_date": "2022-03-12T21:47:40.666Z"}}, {"model": "sessions.session", "pk": "i6y88srv7xbficxgk6b3rfjzy12vyilz", "fields": {"session_data": ".eJxVjUsOgjAURffSsSEF-gFmupHm9vEaGkkxtiQa494Fw0CH93fuSzisZXJr5ruLoxhEI06_ngddOe0B5nm3KxAtayrVt3PEuTpvilOJhBKXdDlWf6gJedo4ln1PtWwtGDCkvVUNGQkVFHRoOEgb-lb36OAlUHcjaRjfBmWNV7XeoZlz3m4cP27x_hSDfH8A5z1EMw:1nNOm6:0tQ2-Pdh9SWxGk8WpBkBZWcx9j2DDKxZOqmY2W_VHLM", "expire_date": "2022-03-11T00:47:58.727Z"}}, {"model": "sessions.session", "pk": "ku9m108j60asrxlz8r92lzjgucstooyi", "fields": {"session_data": "e30:1nNMhr:HGEVlM0x28YHU38OJvT_2QRHHtEGxBBIwMZY7wznLSw", "expire_date": "2022-03-10T22:35:27.567Z"}}, {"model": "sessions.session", "pk": "lj0vhxorivmahyklfu9zx2egzgwgvn3z", "fields": {"session_data": ".eJxVjEsOgzAMBe_idRUlbkIMy-57BuQ4TqGtQOKzQty9RWLRbt_Mmw1aXpeuXWed2j5DAw4uv1tieelwgPzk4TEaGYdl6pM5FHPS2dzHrO_b6f4FOp67461OHBaqxVt0SW0ONeWIFjlVXKIvRTBg0siVJPREISMTKl0jU6m-UeFpgWYDsq5GjOgwXBEav-8fOXs-zQ:1nLQpX:Hh2fnPJsJ0_cBvDdfw8mxCD0SOH4zEqlFbc33MF0eog", "expire_date": "2022-03-05T14:35:23.342Z"}}, {"model": "sessions.session", "pk": "lstoz5pl4ph1v0b6z44oci6gqbrdnyx2", "fields": {"session_data": "eyJjYXJ0Ijp7IjgwMTkyMjczNTY5MDgiOjQsIjQ3MTc2MjIwNDcwODAiOjEyLCI2NDE5NDQwMTY2NDM4IjoxNn19:1nLSC1:OdBYnwsyp3IvVSQDHOqe13ls3eo64kw_ThJVNa2B3rw", "expire_date": "2022-03-05T16:02:41.448Z"}}, {"model": "sessions.session", "pk": "m3uw7zgqll98lphbokska9hp0rwh3ggl", "fields": {"session_data": ".eJxVjMuuwiAURf_ljJuGlmcZOvcbyIEeLPcaMNAajfHftYkDne619nqAw21d3NaoujSDhRG6781j-Ke8g_kP86n0oeS1Jt_vSv-hrT-Wmc6Hj_sTWLAt77cmP4WBcY2EqIL0WoxBMRRRoIwjRabjxOWEBj1DHMwcJCrPo9DKi0Hu0UatpZId3S6p3sGyDhpeyaUcC9i1btRBwLqCfYAxzEjFxcCVlGDF8_kC3uhMjw:1nO5FR:szFveh8RrE3GUWqCj6npXyRMZcIhtDCeGI4zG35EWpY", "expire_date": "2022-03-12T22:09:05.382Z"}}, {"model": "sessions.session", "pk": "pub4340b8cuv0tgrlgpmjukvfp2e0hk7", "fields": {"session_data": "eyJjYXJ0Ijp7IjMyODYzNDEwODY5MTEiOjQsIjQ3MTI0ODc1NDQ4NTkiOjQsIjQ3MTc2MjIwNDcwODAiOjEyfX0:1nLEjs:2tCLqPBVZN_MemoWdGJgLpYlmE4hpb_okg6NEUTOds0", "expire_date": "2022-03-05T01:40:44.755Z"}}, {"model": "sessions.session", "pk": "rn3kackx6x8dsnv58b4bto40y961kcsh", "fields": {"session_data": ".eJxVjMEOwiAQBf-Fc0NgbQvt0bvfQBZYLGrAQGs0xn83JD3o9c28eTOD27qYrVIx0bOZSdb9bhbdlVID_oLpnLnLaS3R8qbwnVZ-yp5ux939CyxYl_Ym6SQEPblegLQk_DBpr0AA2hGD6kNwMIAlhaOz0Gs9eEANpA8KdRhbtFKtMSdDz3ssLzaLjlV8kIkpZDavZaPPFwjRRZQ:1nO90x:n_Ur7tEq1QvxFdBXPT9Hw4oos4Cdebezf01C2B8i8u4", "expire_date": "2022-03-13T02:10:23.297Z"}}, {"model": "sessions.session", "pk": "sq4gmdxhfmbd349q9nsfuh5eqv9m4r5b", "fields": {"session_data": "e30:1nNMim:kf-e2YAEbVFju0whPi8Pt1dj49vZARNpRIkypcWHvoU", "expire_date": "2022-03-10T22:36:24.026Z"}}, {"model": "sessions.session", "pk": "x3x0n37k25onx61mknw8lu21gmiuqizr", "fields": {"session_data": ".eJxdjM1qw0AMBt9FZ2MkrXZX3mPvfQazv3XaYoPtnELevXYIpO1JMN9objDG6z6N162u46VAAILuN0sxf9X5HMpnnD-WPi_zvl5Sfyr9c93696XU77en-ycwxW06vytl4qZDFmRKFYsdtHhGjsnF5qW1zJZT9dHlxKJqC0flqsZHbe6I5rjuEG4gbFHYC6Goh0DcgXjyjhnFoyIExg5UUa0zQuTIQNCXZK0TepDjDiJIzonR_wSPtnRgSNXJoEQkcpD7_QebSlRM:1nLDbK:JvueXNmjrvGlSvwGdsedWgbiK1-OmxraPMbrCQKd8NA", "expire_date": "2022-03-05T00:27:50.589Z"}}, {"model": "sessions.session", "pk": "yoo62cieh3r10isjtn2gno7r0ed1n5jn", "fields": {"session_data": ".eJxVjMsOwiAQRf-FtSEw8pi6dO83NAMMUjWQlHZl_HdD0oVu7znnvsVM-1bmvfM6L0lchBan3y1QfHIdID2o3puMrW7rEuRQ5EG7vLXEr-vh_h0U6mXUrKOGjFM0CnRgleyEyYMCCo6yNzlHsBDYk4sBDKJNQAiMZ0-Ynfh8AfFzODM:1nGN3l:ltg86KgRQB47ib_UgqGU9Ypm2IN933vvCtJs5-Ocwt4", "expire_date": "2022-02-19T15:33:09.905Z"}}, {"model": "sessions.session", "pk": "ywrckuerw6gjseorhp8gg3sdcs77mayt", "fields": {"session_data": ".eJxVjEsOgzAMBe_idRUlbkgMy-57BuQ4TqGtQOKzQty9RWLRbt_Mmw1aXpeuXWed2j5DAw4uv1tieelwgPzk4TEaGYdl6pM5FHPS2dzHrO_b6f4FOp67461OHBaqxVt0SW2uasoRLXIKXKIvRbDCpJGDJPREVUYmVLpGphK-UeFpgWYDH10MiNZHSxYav-8fOaw-0Q:1nLOoX:tz6Y2nNLBpfbMsapUFEOnNLZpI_l5ItDt0uNzR7W0zw", "expire_date": "2022-03-05T12:26:13.936Z"}}, {"model": "sites.site", "pk": 1, "fields": {"domain": "wheelshop.example.com", "name": "Wheel Shop"}}, {"model": "account.emailaddress", "pk": 1, "fields": {"user": 1, "email": "maris.kurpnieks@gmail.com", "verified": true, "primary": true}}, {"model": "account.emailaddress", "pk": 2, "fields": {"user": 2, "email": "info@wheels.com", "verified": true, "primary": true}}, {"model": "products.category", "pk": 1, "fields": {"name": "winter_tyre", "display_name": "Winter Tyre"}}, {"model": "products.category", "pk": 2, "fields": {"name": "summer_tyre", "display_name": "Summer Tyre"}}, {"model": "products.manufacturer", "pk": 1, "fields": {"name": "falken", "display_name": "Falken", "image_url": null, "image": "falken-logo.png"}}, {"model": "products.manufacturer", "pk": 2, "fields": {"name": "bridgestone", "display_name": "Bridgestone", "image_url": null, "image": "Bridgestone-logo.png"}}, {"model": "products.manufacturer", "pk": 3, "fields": {"name": "continental", "display_name": "Continental", "image_url": null, "image": "continental-logo-black-on-gold.png"}}, {"model": "products.manufacturer", "pk": 4, "fields": {"name": "dunlop", "display_name": "Dunlop", "image_url": null, "image": "logo-dunlop-seo.png"}}, {"model": "products.manufacturer", "pk": 5, "fields": {"name": "michelin", "display_name": "Michelin", "image_url": null, "image": ""}}, {"model": "products.manufacturer", "pk": 6, "fields": {"name": "goodyear", "display_name": "GoodYear", "image_url": null, "image": "Goodyear_logo.png"}}, {"model": "products.manufacturer", "pk": 7, "fields": {"name": "debica", "display_name": "Debica", "image_url": null, "image": "debica_T6u4sGx.png"}}, {"model": "products.manufacturer", "pk": 8, "fields": {"name": "nankang", "display_name": "Nankang", "image_url": null, "image": "nankang.png"}}, {"model": "products.manufacturer", "pk": 9, "fields": {"name": "pirelli", "display_name": "Pirelli", "image_url": null, "image": "pirelli.png"}}, {"model": "products.manufacturer", "pk": 10, "fields": {"name": "hankook", "display_name": "Hankook", "image_url": null, "image": "hankook.png"}}, {"model": "products.manufacturer", "pk": 11, "fields": {"name": "vredestein", "display_name": "Vredestein", "image_url": null, "image": "vredestein.png"}}, {"model": "products.manufacturer", "pk": 12, "fields": {"name": "nokian", "display_name": "Nokian", "image_url": null, "image": "nokian.png"}}, {"model": "products.manufacturer", "pk": 13, "fields": {"name": "firestone", "display_name": "Firestone", "image_url": null, "image": "firestone.png"}}, {"model": "products.manufacturer", "pk": 14, "fields": {"name": "toyo", "display_name": "Toyo", "image_url": null, "image": "toyo.png"}}, {"model": "products.tyresize", "pk": 1, "fields": {"width": 205, "heigth": 55, "rim_size": 16, "full_size_code": "20555R16", "full_size_display": "205/55 R16", "full_size_short": "205/55R16", "full_size_sort": "1620555"}}, {"model": "products.tyresize", "pk": 2, "fields": {"width": 235, "heigth": 45, "rim_size": 18, "full_size_code": "23545R18", "full_size_display": "235/45 R18", "full_size_short": "235/45R18", "full_size_sort": "1823545"}}, {"model": "products.tyresize", "pk": 3, "fields": {"width": 175, "heigth": 65, "rim_size": 15, "full_size_code": "17565R15", "full_size_display": "175/65 R15", "full_size_short": "175/65R15", "full_size_sort": "1517565"}}, {"model": "products.tyresize", "pk": 4, "fields": {"width": 225, "heigth": 50, "rim_size": 17, "full_size_code": "22550R17", "full_size_display": "225/50 R17", "full_size_short": "225/50R17", "full_size_sort": "1722550"}}, {"model": "products.tyresize", "pk": 5, "fields": {"width": 195, "heigth": 60, "rim_size": 15, "full_size_code": "19560R15", "full_size_display": "195/60 R15", "full_size_short": "195/60R15", "full_size_sort": "1519560"}}, {"model": "products.tyresize", "pk": 6, "fields": {"width": 195, "heigth": 65, "rim_size": 15, "full_size_code": "19565R15", "full_size_display": "195/65 R15", "full_size_short": "195/65R15", "full_size_sort": "1519565"}}, {"model": "products.tyresize", "pk": 7, "fields": {"width": 175, "heigth": 70, "rim_size": 14, "full_size_code": "17570R14", "full_size_display": "175/70 R14", "full_size_short": "175/70R14", "full_size_sort": "1417570"}}, {"model": "products.tyresize", "pk": 8, "fields": {"width": 215, "heigth": 50, "rim_size": 17, "full_size_code": "21550R17", "full_size_display": "215/50 R17", "full_size_short": "215/50R17", "full_size_sort": "1721550"}}, {"model": "products.tyresize", "pk": 9, "fields": {"width": 165, "heigth": 65, "rim_size": 14, "full_size_code": "16565R14", "full_size_display": "165/65 R14", "full_size_short": "165/65R14", "full_size_sort": "1416565"}}, {"model": "products.tyresize", "pk": 10, "fields": {"width": 155, "heigth": 80, "rim_size": 13, "full_size_code": "15580R13", "full_size_display": "155/80 R13", "full_size_short": "155/80R13", "full_size_sort": "1315580"}}, {"model": "products.tyresize", "pk": 11, "fields": {"width": 195, "heigth": 55, "rim_size": 16, "full_size_code": "19555R16", "full_size_display": "195/55 R16", "full_size_short": "195/55R16", "full_size_sort": "1619555"}}, {"model": "products.tyresize", "pk": 12, "fields": {"width": 185, "heigth": 65, "rim_size": 15, "full_size_code": "18565R15", "full_size_display": "185/65 R15", "full_size_short": "185/65R15", "full_size_sort": "1518565"}}, {"model": "products.product", "pk": 1, "fields": {"category": 1, "ean_code": "4250427415239", "size": 1, "load_index": "91", "speed_index": "T", "manufacturer": 1, "name": "Falken EUROWINTER HS01 205/55 R16 91T", "description": "With the Falken Eurowinter HS01 you are opting for an excellent winter tire that can easily handle even the most difficult winter conditions. Thanks to the special rubber mix and the modified profile, your car lies more firmly on the road when it is wet or slippery. The result is better control over your car and more comfortable driving. This makes this winter tire a sensible choice for you.", "price": "59.34", "image_url": null, "image": "4250427415239_328592.jpg"}}, {"model": "products.product", "pk": 2, "fields": {"category": 1, "ean_code": "4250427415673", "size": 4, "load_index": "98", "speed_index": "V", "manufacturer": 1, "name": "Falken Eurowinter HS01 225/50 R17 98V", "description": "With the Falken Eurowinter HS01 you are opting for an excellent winter tire that can easily handle even the most difficult winter conditions. Thanks to the special rubber mix and the modified profile, your car lies more firmly on the road when it is wet or slippery. The result is better control over your car and more comfortable driving. This makes this winter tire a sensible choice for you.", "price": "96.56", "image_url": null, "image": "4250427415673_328604.jpg"}}, {"model": "products.product", "pk": 3, "fields": {"category": 2, "ean_code": "3286341086911", "size": 5, "load_index": "88", "speed_index": "H", "manufacturer": 2, "name": "Bridgestone TURANZA T005 TL 195/60 R15 88H", "description": "The Bridgestone Turanza T005 is a high performance summer tire, which is the successor of the well-known Bridgestone Turanza T001. The Turanza T005 is a summer tire that looks good among mid-range and upper-middle class passenger cars.\r\n\r\nDeveloped and produced in Europe, the Bridgestone Turanza T005 delivers excellent performance on dry and wet surfaces, as well as being fuel efficient, making it the perfect all-round summer tyre.\r\n\r\nCompared to the Turanza T001, the Bridgestone Turanza T005 provides much better traction on dry and wet surfaces and also has a lower rolling resistance.\r\n\r\nBridgestone summer tires are known for the various innovations incorporated into them . These innovations combine to provide the Bridgestone Turanza T005 with excellent driving performance and characteristics.", "price": "75.13", "image_url": null, "image": "3286341086911_10869.jpg"}}, {"model": "products.product", "pk": 4, "fields": {"category": 2, "ean_code": "4019238237733", "size": 3, "load_index": "84", "speed_index": "H", "manufacturer": 3, "name": "Continental PremiumContact 2 175/65 R15 84H", "description": "The Continental PremiumContact 2 is the perfect summer tire for medium-sized and larger cars. This high-quality summer tire responds just as vigorously to wet roads as it does to dry roads. This means it offers you top safety and driving comfort under all circumstances. So it's no surprise that the tire scores very high (13th place) in the Tires top-100.\r\n\r\nWhile driving you immediately notice how well Continental has thought about this tire. Braking, accelerating, cornering: the Continental PremiumContact 2 is all equally precise and smooth. In short, the tire delivers optimum performance. The long service life and favorable fuel consumption are also nice for your wallet. In summer you can hardly wish for a better tire.", "price": "71.41", "image_url": null, "image": "4019238237733_0351230.jpg"}}, {"model": "products.product", "pk": 5, "fields": {"category": 2, "ean_code": "4019238450347", "size": 1, "load_index": "91", "speed_index": "H", "manufacturer": 3, "name": "Continental PremiumContact 2 205/55 R16 91H", "description": "The Continental PremiumContact 2 is the perfect summer tire for medium-sized and larger cars. This high-quality summer tire responds just as vigorously to wet roads as it does to dry roads. This means it offers you top safety and driving comfort under all circumstances. So it's no surprise that the tire scores very high (13th place) in the Tires top-100.\r\n\r\nWhile driving you immediately notice how well Continental has thought about this tire. Braking, accelerating, cornering: the Continental PremiumContact 2 is all equally precise and smooth. In short, the tire delivers optimum performance. The long service life and favorable fuel consumption are also nice for your wallet. In summer you can hardly wish for a better tire.", "price": "73.46", "image_url": null, "image": "4019238450347_0350700.jpg"}}, {"model": "products.product", "pk": 6, "fields": {"category": 2, "ean_code": "3188649811144", "size": 1, "load_index": "94", "speed_index": "H", "manufacturer": 4, "name": "Dunlop SP Sport Fastresponse 205/55 R16 94H", "description": "The Dunlop SP Sport Fast Response is a superior summer tire for passenger cars with a distinctly sporty character. Its highly reliable handling and impressive performance come into its own on dry and wet roads. Under all circumstances you will experience a permanent feeling of comfort and safety. A great tire to have under your car!\r\n\r\nThis top-class tire is highly regarded for its exemplary agility and precise handling on the road. Its road holding is second to none, whether you're riding on wet or dry roads. This makes it an ideal and reliable summer tire for all conditions.", "price": "76.46", "image_url": null, "image": "3188649811144_526781.jpg"}}, {"model": "products.product", "pk": 7, "fields": {"category": 2, "ean_code": "5452000826053", "size": 2, "load_index": "94", "speed_index": "W", "manufacturer": 6, "name": "Goodyear Eagle F1 Asymmetric 235/45 R18 94W", "description": "The Goodyear Eagle F1 Asymmetric 5 is a maximum performance summer tire that fits perfectly on mid-range and higher-end cars. The tire is characterized by its excellent braking performance and good handling characteristics. It ensures that you always have optimal control; both on wet and dry roads.\r\n\r\nThe technology for the new and reinforced construction of the Goodyear Eagle F1 Asymmetric (the Reinforced Construction technology) provides a stronger and lightweight composition. This improves cornering performance, handling, wear rate and fuel consumption, among other things. It also shortens braking distances on wet and dry roads.", "price": "129.45", "image_url": null, "image": "5452000826053_549846.jpg"}}, {"model": "products.product", "pk": 8, "fields": {"category": 2, "ean_code": "4038526021359", "size": 3, "load_index": "88", "speed_index": "T", "manufacturer": 6, "name": "Goodyear Duragrip 175/65 R15 88T", "description": "The Goodyear Duragrip is a summer tire for passenger cars. It is a car tire that has been specially developed for durability. This means that it lasts considerably longer due to a special construction that reduces rolling resistance.\r\n\r\nDue to the manufacturing process of the Goodyear Duragrip, the tire is labeled 'environmentally friendly'. Cleaner components have been used, which reduce CO2 emissions during both production and use.\r\n\r\nGoodyear tires have been known for their safety for many years. Many car manufacturers recommend these tires and for some brands this tire is even the first installation.\r\n\r\nThe Goodyear Duragrip is the tire of choice for drivers of the Mazda 323, the Nissan Note, the Peugeot 206, the Peugeot 406 and the Renault Clio, among others. And maybe yours too?", "price": "53.30", "image_url": null, "image": "4038526021359_576066.jpg"}}, {"model": "products.product", "pk": 9, "fields": {"category": 1, "ean_code": "5452000593832", "size": 7, "load_index": "84", "speed_index": "T", "manufacturer": 7, "name": "Debica FRIGO 2 M+S 175/70 R14 84T", "description": "With the Debica Frigo 2 you are opting for an excellent winter tire that can handle even the most difficult winter conditions without any problems. Thanks to the special rubber mix and the modified profile, your car lies more firmly on the road when it is wet or slippery. The result is better control over your car and more comfortable driving. This makes this winter tire a sensible choice for you.", "price": "51.86", "image_url": null, "image": "5452000593832_539573.jpg"}}, {"model": "products.product", "pk": 10, "fields": {"category": 1, "ean_code": "4717622055641", "size": 6, "load_index": "91", "speed_index": "T", "manufacturer": 8, "name": "Nankang Winter Activa SV-3 195/65 R15 91T", "description": "With the Nankang Snow SV-3 you are opting for an excellent winter tire that can easily handle even the most difficult winter conditions. Thanks to the special rubber mix and the modified profile, your car lies more firmly on the road when it is wet or slippery. The result is better control over your car and more comfortable driving. This makes this winter tire a sensible choice for you.", "price": "48.19", "image_url": null, "image": "4717622055641_JY216.jpg"}}, {"model": "products.product", "pk": 11, "fields": {"category": 2, "ean_code": "4712487534324", "size": 8, "load_index": "91", "speed_index": "V", "manufacturer": 8, "name": "Nankang NS-2 215/50 R17 91V", "description": "With the Nankang NS-2 Ultra Sport you are opting for a reliable summer tire with which you can hit the road in all summer conditions without any problems. This tire has been fully developed for the lighter seasons. With the Nankang NS-2 Ultra Sport you are assured of a comfortable, safe ride in both dry and wet weather. In addition, the traction on any road surface is very good, as is the protection against aquaplaning. It also keeps fuel costs low without compromising performance. So whatever driving style you have, the Nankang NS-2 Ultra Sport offers everything you would expect from a top summer tire. This summer tire is therefore also a sensible choice for you.", "price": "74.27", "image_url": null, "image": "4712487534324_JB074.jpg"}}, {"model": "products.product", "pk": 12, "fields": {"category": 1, "ean_code": "8019227212532", "size": 1, "load_index": "91", "speed_index": "T", "manufacturer": 9, "name": "Pirelli W 190 Snowcontrol Se 205/55 R16 91T", "description": "The Pirelli Winter 190 SnowControl 3 is a winter tire for city and middle class cars. With this car tire you can safely hit the road during the winter months.\r\n\r\nThis Pirelli Winter 190 SnowControl 3 offers reliable road holding, great pulling power and pleasant braking performance in winter weather.\r\n\r\nThis tire is popular with owners of the Peugeot 207 and 208 and 306, the Ford Fiesta and the Citron C3.", "price": "61.26", "image_url": null, "image": "8019227212532_2125300.jpg"}}, {"model": "products.product", "pk": 13, "fields": {"category": 1, "ean_code": "3286341270310", "size": 1, "load_index": "91", "speed_index": "H", "manufacturer": 2, "name": "Bridgestone Blizzak LM-32 205/55 R16 91H", "description": "The Bridgestone Blizzak LM 32 is the ultimate winter tire for almost all passenger cars, from small and compact models to the upper middle class. A tire to withstand the winter without any problems, even in the most extreme conditions. Not only does this tire perform excellently on snow and ice, but also in less harsh winter weather. It proves itself just as easily on wet as on dry roads.\r\n\r\nThe beautiful properties of the Bridgestone Blizzak LM 32 naturally result in safe and carefree driving throughout the winter. Its braking performance is unparalleled, its steering precision and stability unparalleled. In addition, the tire is also very durable and fuel-efficient, so it certainly won't affect your budget!", "price": "63.67", "image_url": null, "image": "3286341270310_12703.jpg"}}, {"model": "products.product", "pk": 14, "fields": {"category": 1, "ean_code": "5452000443106", "size": 1, "load_index": "91", "speed_index": "H", "manufacturer": 6, "name": "Goodyear UltraGrip 8 205/55 R16 91H", "description": "The Goodyear UltraGrip 8 is a winter tire with many safe and comfortable driving characteristics. It is very suitable for compact and middle class passenger cars. In addition to great performance in all winter conditions, the tire also offers fuel-saving innovations that allow you to drive more economically and protect the environment. Thanks to the above-average performance of the tire, it is in a strong position in the Winter Tires Top-100.\r\n\r\nMany good qualities come together in this tire. For example, the traction in snow is a particularly strong point of the Goodyear UltraGrip 8. This ensures a shorter braking distance on snow. In addition, these tires offer extra grip on winter roads and contribute to your safety and driving comfort on winter roads. Despite its convincing performance, this tire also proves to be remarkably durable. So you can use it longer before it needs to be replaced.", "price": "67.16", "image_url": null, "image": "5452000443106_530628.jpg"}}, {"model": "products.product", "pk": 15, "fields": {"category": 1, "ean_code": "3286340281010", "size": 3, "load_index": "84", "speed_index": "T", "manufacturer": 2, "name": "Bridgestone Blizzak LM-30 175/65 R15 84T", "description": "The Bridgestone Blizzak LM 30 is a particularly safe winter tire for compact and medium-sized cars. With this first-class tire you can comfortably drive towards spring. Because the tire is stable, smoothly controllable and extremely reliable under all conditions. Of course in the snow and on icy roads, but also in the rain and on dry surfaces. Particularly striking is its great braking performance, but also a smooth steering precision. A tire that you can easily handle in winter.\r\n\r\nThis tire contains a lot of advanced technology. The manufacturer has done everything possible to set a new standard for winter tires with the Bridgestone Blizzak LM 30. The innovative rubber and well thought-out construction provide a balanced tire that you can rely on blindly. Your safety and driving comfort are paramount in all winter conditions.", "price": "49.76", "image_url": null, "image": "3286340281010_2810.jpg"}}, {"model": "products.product", "pk": 16, "fields": {"category": 2, "ean_code": "8808563411446", "size": 7, "load_index": "84", "speed_index": "T", "manufacturer": 10, "name": "Hankook Kinergy eco2 (K435) 175/70 R14 84T", "description": "The Hankook Kinergy Eco 2 K435 is a summer tire that has been developed for modern small, compact and medium-sized vehicles. Like its predecessor, the Hankook Kinergy Eco K425, the Hankook Kinergy Eco 2 K435 has placed an emphasis on safety, fuel consumption and driving comfort.\r\n\r\nThe Kinergy Eco 2 is one of Hankook's most fuel-efficient tires, which also looks great on aluminum and steel rims. According to Hankook, this summer tire is the best choice for the driver and the environment.\r\n\r\nThe Hankook Kinergy Eco 2 K435 has been specially designed to save a lot of fuel and to guarantee the driver's driving comfort.", "price": "54.68", "image_url": null, "image": "8808563411446_1020977.jpg"}}, {"model": "products.product", "pk": 17, "fields": {"category": 2, "ean_code": "8714692290640", "size": 7, "load_index": "84", "speed_index": "T", "manufacturer": 11, "name": "Vredestein T-Trac 2 175/70 R14 84T", "description": "The Vredestein T-Trac 2 is a real all-rounder. A summer tire for your passenger car that has been specially designed for performance-oriented, safe and economical driving. This tire performs best at temperatures above 7 degrees Celsius.\r\n\r\nThe Vredestein T-Trac 2 is a tire with good value for money and a good choice for your middle class car. With this tire you drive safely and you save kilometer after kilometer on fuel. This also protects the environment.\r\n\r\nThe tire scores well with owners of, among others, the Suzuki Alto and the Ignis, the Renault Kangoo, the Peugeot Partner and the Peugeot 206. Drivers of these cars all have pleasant experiences with this tire.", "price": "56.59", "image_url": null, "image": "8714692290640_AP17570014TTT2A00.jpg"}}, {"model": "products.product", "pk": 18, "fields": {"category": 2, "ean_code": "8808563411613", "size": 6, "load_index": "91", "speed_index": "T", "manufacturer": 10, "name": "Hankook Kinergy eco2 (K435) 195/65 R15 91T", "description": "The Hankook Kinergy Eco 2 K435 is a summer tire that has been developed for modern small, compact and medium-sized vehicles. Like its predecessor, the Hankook Kinergy Eco K425, the Hankook Kinergy Eco 2 K435 has placed an emphasis on safety, fuel consumption and driving comfort.\r\n\r\nThe Kinergy Eco 2 is one of Hankook's most fuel-efficient tires, which also looks great on aluminum and steel rims. According to Hankook, this summer tire is the best choice for the driver and the environment.\r\n\r\nThe Hankook Kinergy Eco 2 K435 has been specially designed to save a lot of fuel and to guarantee the driver's driving comfort.", "price": "47.84", "image_url": null, "image": "8808563411613_1020994.jpg"}}, {"model": "products.product", "pk": 19, "fields": {"category": 2, "ean_code": "6419440166438", "size": 6, "load_index": "91", "speed_index": "T", "manufacturer": 12, "name": "Nokian iLine 195/65 R15 91T", "description": "With the Nokian iLine you are opting for a reliable summer tire with which you can hit the road in all summer conditions without any problems. This tire has been fully developed for the lighter seasons. With the Nokian iLine you are assured of a comfortable, safe ride in both dry and wet weather. In addition, the traction on any road surface is very good, as is the protection against aquaplaning. It also keeps fuel costs low without compromising performance. So whatever driving style you have, the Nokian iLine offers everything you would expect from a top summer tyre. This summer tire is therefore also a sensible choice for you.", "price": "48.81", "image_url": null, "image": "6419440166438_T429713.jpg"}}, {"model": "products.product", "pk": 20, "fields": {"category": 2, "ean_code": "8808563432618", "size": 9, "load_index": "79", "speed_index": "T", "manufacturer": 10, "name": "Hankook Kinergy eco2 (K435) 165/65 R14 79T", "description": "The Hankook Kinergy Eco 2 K435 is a summer tire that has been developed for modern small, compact and medium-sized vehicles. Like its predecessor, the Hankook Kinergy Eco K425, the Hankook Kinergy Eco 2 K435 has placed an emphasis on safety, fuel consumption and driving comfort.\r\n\r\nThe Kinergy Eco 2 is one of Hankook's most fuel-efficient tires, which also looks great on aluminum and steel rims. According to Hankook, this summer tire is the best choice for the driver and the environment.\r\n\r\nThe Hankook Kinergy Eco 2 K435 has been specially designed to save a lot of fuel and to guarantee the driver's driving comfort.", "price": "44.87", "image_url": null, "image": "8808563432618_1022706.jpg"}}, {"model": "products.product", "pk": 21, "fields": {"category": 2, "ean_code": "3286340771313", "size": 9, "load_index": "79", "speed_index": "T", "manufacturer": 13, "name": "Firestone MULTIHAWK2 165/65 R14 79T", "description": "With the Firestone Multihawk 2 you are opting for a reliable summer tire with which you can hit the road in all summer conditions without any problems. This tire has been fully developed for the lighter seasons. Whether in dry or wet weather, the Firestone Multihawk 2 ensures a comfortable, safe ride. In addition, the traction on any road surface is very good, as is the protection against aquaplaning. It also keeps fuel costs low without compromising performance. So whatever your driving style, the Firestone Multihawk 2 offers everything you would expect from a top summer tyre. This summer tire is therefore also a sensible choice for you.", "price": "45.82", "image_url": null, "image": "3286340771313_7713.jpg"}}, {"model": "products.product", "pk": 22, "fields": {"category": 2, "ean_code": "4250427410487", "size": 10, "load_index": "79", "speed_index": "T", "manufacturer": 1, "name": "Falken Sincera SN-832 155/80 R13 79T", "description": "With the Falken Sincera SN832 Ecorun you are opting for a reliable summer tire with which you can hit the road in all summer conditions without any problems. This tire has been fully developed for the lighter seasons. Whether in dry or wet weather, the Falken Sincera SN832 Ecorun guarantees a comfortable, safe ride. In addition, the traction on any road surface is very good, as is the protection against aquaplaning. It also keeps fuel costs low without compromising performance. So whatever driving style you have, the Falken Sincera SN832 Ecorun offers everything you would expect from a top summer tyre. This summer tire is therefore also a sensible choice for you.", "price": "45.11", "image_url": null, "image": "4250427410487_321397.jpg"}}, {"model": "products.product", "pk": 23, "fields": {"category": 2, "ean_code": "4717622047080", "size": 10, "load_index": "79", "speed_index": "T", "manufacturer": 8, "name": "Nankang Econex NA-1 155/80 R13 79T", "description": "With the Nankang Econex NA-1 you are opting for a reliable summer tire with which you can hit the road in all summer conditions without any problems. This tire has been fully developed for the lighter seasons. Whether in dry or wet weather, the Nankang Econex NA-1 ensures a comfortable, safe ride. In addition, the traction on any road surface is very good, as is the protection against aquaplaning. It also keeps fuel costs low without compromising performance. So whatever driving style you have, the Nankang Econex NA-1 offers everything you would expect from a top summer tire. This summer tire is therefore also a sensible choice for you.", "price": "41.90", "image_url": null, "image": "4717622047080_JC709_Kwc32Gr.jpg"}}, {"model": "products.product", "pk": 24, "fields": {"category": 2, "ean_code": "8808563413655", "size": 10, "load_index": "79", "speed_index": "T", "manufacturer": 10, "name": "Hankook Kinergy eco2 (K435) 155/80 R13 79T", "description": "The Hankook Kinergy Eco 2 K435 is a summer tire that has been developed for modern small, compact and medium-sized vehicles. Like its predecessor, the Hankook Kinergy Eco K425, the Hankook Kinergy Eco 2 K435 has placed an emphasis on safety, fuel consumption and driving comfort.\r\n\r\nThe Kinergy Eco 2 is one of Hankook's most fuel-efficient tires, which also looks great on aluminum and steel rims. According to Hankook, this summer tire is the best choice for the driver and the environment.\r\n\r\nThe Hankook Kinergy Eco 2 K435 has been specially designed to save a lot of fuel and to guarantee the driver's driving comfort.", "price": "43.08", "image_url": null, "image": "8808563413655_1021167.jpg"}}, {"model": "products.product", "pk": 25, "fields": {"category": 2, "ean_code": "4981910735816", "size": 10, "load_index": "79", "speed_index": "T", "manufacturer": 14, "name": "Toyo NanoEnergy 3 155/80 R13 79T", "description": "With the Toyo NanoEnergy 3 you are opting for a reliable summer tire with which you can hit the road in all summer conditions without any problems. This tire has been fully developed for the lighter seasons. Whether in dry or wet weather, the Toyo NanoEnergy 3 ensures a comfortable, safe ride. In addition, the traction on any road surface is very good, as is the protection against aquaplaning. It also keeps fuel costs low without compromising performance. So whatever driving style you have, the Toyo NanoEnergy 3 offers everything you would expect from a top summer tire. This summer tire is therefore also a sensible choice for you.", "price": "49.53", "image_url": null, "image": "4981910735816_2120605.jpg"}}, {"model": "products.product", "pk": 26, "fields": {"category": 1, "ean_code": "6419440370750", "size": 10, "load_index": "79", "speed_index": "T", "manufacturer": 12, "name": "Nokian WR D4 155/80 R13 79T", "description": "With the Nokian WR D4, you are opting for an excellent winter tire that can easily handle even the most difficult winter conditions. Thanks to the special rubber mix and the modified profile, your car lies more firmly on the road when it is wet or slippery. The result is better control over your car and more comfortable driving. This makes this winter tire a sensible choice for you.", "price": "51.68", "image_url": null, "image": "6419440370750_T430942.jpg"}}, {"model": "products.product", "pk": 27, "fields": {"category": 1, "ean_code": "6419440136912", "size": 3, "load_index": "84", "speed_index": "T", "manufacturer": 12, "name": "Nokian WR D4 175/65 R15 84T", "description": "With the Nokian WR D4, you are opting for an excellent winter tire that can easily handle even the most difficult winter conditions. Thanks to the special rubber mix and the modified profile, your car lies more firmly on the road when it is wet or slippery. The result is better control over your car and more comfortable driving. This makes this winter tire a sensible choice for you.", "price": "55.39", "image_url": null, "image": "6419440136912_T429504.jpg"}}, {"model": "products.product", "pk": 28, "fields": {"category": 1, "ean_code": "6419440136943", "size": 11, "load_index": "91", "speed_index": "H", "manufacturer": 12, "name": "Nokian WR D4 195/55 R16 91H", "description": "With the Nokian WR D4, you are opting for an excellent winter tire that can easily handle even the most difficult winter conditions. Thanks to the special rubber mix and the modified profile, your car lies more firmly on the road when it is wet or slippery. The result is better control over your car and more comfortable driving. This makes this winter tire a sensible choice for you.", "price": "89.50", "image_url": null, "image": "6419440136943_T429524.jpg"}}, {"model": "products.product", "pk": 29, "fields": {"category": 1, "ean_code": "6419440136868", "size": 6, "load_index": "91", "speed_index": "T", "manufacturer": 12, "name": "Nokian WR D4 195/65 R15 91T", "description": "With the Nokian WR D4, you are opting for an excellent winter tire that can easily handle even the most difficult winter conditions. Thanks to the special rubber mix and the modified profile, your car lies more firmly on the road when it is wet or slippery. The result is better control over your car and more comfortable driving. This makes this winter tire a sensible choice for you.", "price": "54.77", "image_url": null, "image": "6419440136868_T429507.jpg"}}, {"model": "products.product", "pk": 30, "fields": {"category": 1, "ean_code": "6419440380681", "size": 1, "load_index": "91", "speed_index": "H", "manufacturer": 12, "name": "Nokian Snowproof 205/55 R16 91H", "description": "Premium winter tire for passenger cars.\r\n\r\nThe new flagship product from the inventor of the winter tire is a masterful combination of Arctic expertise and deep understanding of the Alpine winter. Experience total control, superb winter safety and balanced driving feel in all conditions from snow to slush and wet.\r\n\r\nFirst class grip on snowy, slushy and wet roads\r\nPredictable and balanced driving experience\r\nSmooth rolling saves fuel and preserves the environment\r\n\r\nNokian WR Snowproof is a friction winter tire that was developed specially for the motorists of Central Europe. It is characterized by high hydroplaning and slushplaning resistance, which ensures a high level of driving safety during sudden snowfalls and on slushy roads. A new winter model 2019/2020.", "price": "72.03", "image_url": null, "image": "6419440380681_T430989_6pt8IoB.jpg"}}, {"model": "products.product", "pk": 31, "fields": {"category": 1, "ean_code": "6419440403892", "size": 1, "load_index": "91", "speed_index": "H", "manufacturer": 12, "name": "Nokian WR D4 205/55 R16 91H", "description": "With the Nokian WR D4, you are opting for an excellent winter tire that can easily handle even the most difficult winter conditions. Thanks to the special rubber mix and the modified profile, your car lies more firmly on the road when it is wet or slippery. The result is better control over your car and more comfortable driving. This makes this winter tire a sensible choice for you.", "price": "70.60", "image_url": null, "image": "6419440403892_T431215.jpg"}}, {"model": "products.product", "pk": 32, "fields": {"category": 1, "ean_code": "6419440210308", "size": 1, "load_index": "91", "speed_index": "H", "manufacturer": 12, "name": "Nokian WR A4 205/55 R16 91H", "description": "With the Nokian WR A4 you are opting for an excellent winter tire that can easily handle even the most difficult winter conditions. Thanks to the special rubber mix and the modified profile, your car lies more firmly on the road when it is wet or slippery. The result is better control over your car and more comfortable driving. This makes this winter tire a sensible choice for you.", "price": "102.82", "image_url": null, "image": "6419440210308_T429787.jpg"}}, {"model": "products.product", "pk": 33, "fields": {"category": 2, "ean_code": "6419440166407", "size": 1, "load_index": "91", "speed_index": "H", "manufacturer": 12, "name": "Nokian iLine 205/55 R16 91H", "description": "With the Nokian iLine you are opting for a reliable summer tire with which you can hit the road in all summer conditions without any problems. This tire has been fully developed for the lighter seasons. With the Nokian iLine you are assured of a comfortable, safe ride in both dry and wet weather. In addition, the traction on any road surface is very good, as is the protection against aquaplaning. It also keeps fuel costs low without compromising performance. So whatever driving style you have, the Nokian iLine offers everything you would expect from a top summer tyre. This summer tire is therefore also a sensible choice for you.", "price": "57.43", "image_url": null, "image": "6419440166438_T429713_O2E12Nl.jpg"}}, {"model": "products.product", "pk": 34, "fields": {"category": 1, "ean_code": "6419440380469", "size": 9, "load_index": "79", "speed_index": "T", "manufacturer": 12, "name": "Nokian Snowproof 165/65 R14 79T", "description": "Premium winter tire for passenger cars. The new flagship product from the inventor of the winter tire is a masterful combination of Arctic expertise and deep understanding of the Alpine winter. Experience total control, superb winter safety and balanced driving feel in all conditions from snow to slush and wet. First class grip on snowy, slushy and wet roads Predictable and balanced driving experience Smooth rolling saves fuel and preserves the environment Nokian WR Snowproof is a friction winter tire that was developed specially for the motorists of Central Europe. It is characterized by high hydroplaning and slushplaning resistance, which ensures a high level of driving safety during sudden snowfalls and on slushy roads. A new winter model 2019/2020.", "price": "86.70", "image_url": null, "image": "6419440380469_T430963.jpg"}}, {"model": "products.product", "pk": 35, "fields": {"category": 1, "ean_code": "6419440380445", "size": 7, "load_index": "84", "speed_index": "T", "manufacturer": 12, "name": "Nokian Snowproof 175/70 R14 84T", "description": "Premium winter tire for passenger cars. The new flagship product from the inventor of the winter tire is a masterful combination of Arctic expertise and deep understanding of the Alpine winter. Experience total control, superb winter safety and balanced driving feel in all conditions from snow to slush and wet. First class grip on snowy, slushy and wet roads Predictable and balanced driving experience Smooth rolling saves fuel and preserves the environment Nokian WR Snowproof is a friction winter tire that was developed specially for the motorists of Central Europe. It is characterized by high hydroplaning and slushplaning resistance, which ensures a high level of driving safety during sudden snowfalls and on slushy roads. A new winter model 2019/2020.", "price": "70.35", "image_url": null, "image": "6419440380445_T430964.jpg"}}, {"model": "products.product", "pk": 36, "fields": {"category": 1, "ean_code": "6419440403885", "size": 12, "load_index": "88", "speed_index": "T", "manufacturer": 12, "name": "Nokian WR D4 185/65 R15 88T", "description": "With the Nokian WR D4, you are opting for an excellent winter tire that can easily handle even the most difficult winter conditions. Thanks to the special rubber mix and the modified profile, your car lies more firmly on the road when it is wet or slippery. The result is better control over your car and more comfortable driving. This makes this winter tire a sensible choice for you.", "price": "56.35", "image_url": null, "image": "6419440403885_T431212.jpg"}}, {"model": "products.product", "pk": 37, "fields": {"category": 1, "ean_code": "5452001082816", "size": 12, "load_index": "88", "speed_index": "T", "manufacturer": 6, "name": "Goodyear UltraGrip 8 185/65 R15 88T", "description": "The Goodyear UltraGrip 8 is a winter tire with many safe and comfortable driving characteristics. It is very suitable for compact and middle class passenger cars. In addition to great performance in all winter conditions, the tire also offers fuel-saving innovations that allow you to drive more economically and protect the environment. Thanks to the above-average performance of the tire, it is in a strong position in the Winter Tires Top-100. Many good qualities come together in this tire. For example, the traction in snow is a particularly strong point of the Goodyear UltraGrip 8. This ensures a shorter braking distance on snow. In addition, these tires offer extra grip on winter roads and contribute to your safety and driving comfort on winter roads. Despite its convincing performance, this tire also proves to be remarkably durable. So you can use it longer before it needs to be replaced.", "price": "57.18", "image_url": null, "image": "5452001082816_522783.jpg"}}, {"model": "products.product", "pk": 38, "fields": {"category": 1, "ean_code": "4712487544859", "size": 5, "load_index": "92", "speed_index": "H", "manufacturer": 8, "name": "Nankang Snow SV-2 195/60 R15 92H", "description": "With the Nankang Snow SV-2 you are opting for an excellent winter tire that can handle even the most difficult winter conditions without any problems. Thanks to the special rubber mix and the modified profile, your car lies more firmly on the road when it is wet or slippery. The result is better control over your car and more comfortable driving. This makes this winter tire a sensible choice for you.", "price": "50.34", "image_url": null, "image": "4712487544859_JY007.jpg"}}, {"model": "products.product", "pk": 39, "fields": {"category": 1, "ean_code": "8019227268751", "size": 5, "load_index": "88", "speed_index": "T", "manufacturer": 9, "name": "Pirelli Cinturato Winter 195/60 R15 88T", "description": "A beast in winter, that is the Pirelli Cinturato Winter. This is a very good winter tire for your compact passenger car or middle class car.\r\n\r\nYou may have heard of Pirelli's Cinturato series. These are the tires that have set the standard for all other car tires. Almost every tire manufacturer now uses the technology developed in Milan. Pirelli has a very big name when it comes to safety.\r\n\r\nYou want to be able to fully rely on your tires, especially in winter. You won't find anything better than the Pirelli Cinturato Winter. The Pirelli Cinturato Winter tires are available in several shapes and sizes.", "price": "79.69", "image_url": null, "image": "8019227268751_2687500.jpg"}}, {"model": "products.product", "pk": 40, "fields": {"category": 1, "ean_code": "8808563378688", "size": 1, "load_index": "91", "speed_index": "T", "manufacturer": 10, "name": "Hankook Winter i-cept RS2 (W452) 205/55 R16 91T", "description": "The Hankook Winter I-Cept RS2 W452 is a perfect winter tire for compact and medium-sized passenger cars. The tire is constructed for safety and driving comfort. And that is also apparent from its wonderful driving performance and driving characteristics. The tire therefore holds up very well in the Winter Tires Top-100.\r\n\r\nNo matter how hard you put the Hankook Winter I-Cept RS2 W452 to the test, this premium winter tire will remain proud in all winter conditions. In terms of braking and steering, it performs as the best. Acceleration and acceleration are smooth, while handling is incredibly stable and comfortable. With this tire you experience total control over your car on any road surface and maximum driving pleasure.", "price": "63.67", "image_url": null, "image": "8808563378688_1017631.jpg"}}, {"model": "products.product", "pk": 41, "fields": {"category": 1, "ean_code": "8019227268843", "size": 1, "load_index": "91", "speed_index": "T", "manufacturer": 9, "name": "Pirelli Cinturato Winter 205/55 R16 91T", "description": "A beast in winter, that is the Pirelli Cinturato Winter. This is a very good winter tire for your compact passenger car or middle class car. You may have heard of Pirelli's Cinturato series. These are the tires that have set the standard for all other car tires. Almost every tire manufacturer now uses the technology developed in Milan. Pirelli has a very big name when it comes to safety. You want to be able to fully rely on your tires, especially in winter. You won't find anything better than the Pirelli Cinturato Winter. The Pirelli Cinturato Winter tires are available in several shapes and sizes.", "price": "68.13", "image_url": null, "image": "8019227268843_2688400.jpg"}}, {"model": "products.product", "pk": 42, "fields": {"category": 1, "ean_code": "8019227356908", "size": 1, "load_index": "94", "speed_index": "V", "manufacturer": 9, "name": "Pirelli WINTER SOTTOZERO SERIE II 205/55 R16 94V", "description": "The Pirelli Winter 210 Sottozero 2 (sometimes spelled Winter 210 Sottozero II or Winter 210 Sottozero S2) is a winter tire for high-performance luxury cars. It is a high-performance winter tire that provides balanced sporting performance, short braking distances and traction in snow and ice.\r\n\r\nThe Pirelli Winter 210 Sottozero 2 is the winter tire for drivers who demand extremely high from their tyres. It guarantees the best performance on both dry and wet roads. And with snow and ice. Are the temperatures below 7 degrees Celsius? Then this tire performs better in terms of aquaplaning than a summer tyre.\r\n\r\nThis tire is recommended for the following sports car brands, among others: Alfa Romeo, Aston Martin, Bentley, BMW, Ferrari, Jaguar, Lamborghini, Mercedes and Porsche.", "price": "134.52", "image_url": null, "image": "8019227356908_3569000.jpg"}}, {"model": "products.product", "pk": 43, "fields": {"category": 1, "ean_code": "4712487546433", "size": 1, "load_index": "94", "speed_index": "H", "manufacturer": 8, "name": "Nankang Snow SV-2 205/55 R16 94H", "description": "With the Nankang Snow SV-2 you are opting for an excellent winter tire that can handle even the most difficult winter conditions without any problems. Thanks to the special rubber mix and the modified profile, your car lies more firmly on the road when it is wet or slippery. The result is better control over your car and more comfortable driving. This makes this winter tire a sensible choice for you.", "price": "57.14", "image_url": null, "image": "4712487546433_JY021.jpg"}}, {"model": "products.product", "pk": 44, "fields": {"category": 1, "ean_code": "5452000593887", "size": 5, "load_index": "88", "speed_index": "T", "manufacturer": 7, "name": "Debica Frigo 2 195/60 R15 88T", "description": "With the Debica Frigo 2 you are opting for an excellent winter tire that can handle even the most difficult winter conditions without any problems. Thanks to the special rubber mix and the modified profile, your car lies more firmly on the road when it is wet or slippery. The result is better control over your car and more comfortable driving. This makes this winter tire a sensible choice for you.", "price": "59.58", "image_url": null, "image": "5452000593887_539578.jpg"}}, {"model": "products.product", "pk": 45, "fields": {"category": 1, "ean_code": "5452000586476", "size": 4, "load_index": "98", "speed_index": "V", "manufacturer": 7, "name": "Debica Frigo HP2 225/50 R17 98V", "description": "The Frigo HP2 is a winter tire intended for city vehicles. It offers a lot of grip in winter. Lots of grip on snowy surfaces.", "price": "84.94", "image_url": null, "image": "5452000586476_539158.jpg"}}, {"model": "checkout.order", "pk": 22, "fields": {"order_number": "0D899F73EE5B41BE9DA8576C6D4D6AE2", "user_profile": 1, "full_name": "Maris Kurpnieks", "email": "maris.kurpnieks@gmail.com", "phone_number": "0682799274", "country": "NL", "postcode": "5046LB", "town_or_city": "TILBURG", "street_address1": "Erasplaats, 38", "street_address2": "38", "county": "Noord-Brabant", "date": "2022-02-26T23:00:02.017Z", "order_total": "285.64", "original_cart": "{\"4019238237733\": 4}", "stripe_pid": "pi_3KXZExI4JiRbfrjT0K2NTBjQ"}}, {"model": "checkout.order", "pk": 23, "fields": {"order_number": "E75711D7F6EB4239A23A9FC2F8446BFC", "user_profile": 1, "full_name": "Maris Kurpnieks", "email": "maris.kurpnieks@gmail.com", "phone_number": "0682799274", "country": "NL", "postcode": "5046LB", "town_or_city": "TILBURG", "street_address1": "Erasplaats, 38", "street_address2": "38", "county": "Noord-Brabant", "date": "2022-02-26T23:03:12.805Z", "order_total": "229.72", "original_cart": "{\"6419440166407\": 4}", "stripe_pid": "pi_3KXZI2I4JiRbfrjT0NxYhWuX"}}, {"model": "checkout.order", "pk": 24, "fields": {"order_number": "CD4BD05D494F4BACB9BADF729792C618", "user_profile": 1, "full_name": "Maris Kurpnieks", "email": "maris.kurpnieks@gmail.com", "phone_number": "0682799274", "country": "NL", "postcode": "5046LB", "town_or_city": "TILBURG", "street_address1": "Erasplaats, 38", "street_address2": "38", "county": "Noord-Brabant", "date": "2022-02-26T23:28:40.616Z", "order_total": "282.40", "original_cart": "{\"6419440403892\": 4}", "stripe_pid": "pi_3KXZDbI4JiRbfrjT0T4mx2oX"}}, {"model": "checkout.order", "pk": 25, "fields": {"order_number": "87F2FF1903994D77B679868EA4DED649", "user_profile": 1, "full_name": "Maris Kurpnieks", "email": "maris.kurpnieks@gmail.com", "phone_number": "0682799274", "country": "NL", "postcode": "5046LB", "town_or_city": "TILBURG", "street_address1": "Erasplaats, 38", "street_address2": null, "county": "Noord-Brabant", "date": "2022-02-27T02:08:07.437Z", "order_total": "238.32", "original_cart": "{\"5452000593887\": 4}", "stripe_pid": "pi_3KXcAvI4JiRbfrjT0iZkhidL"}}, {"model": "checkout.order", "pk": 26, "fields": {"order_number": "E5BF7A196FEB4147A5A4946F95F59230", "user_profile": 1, "full_name": "Maris Kurpnieks", "email": "maris.kurpnieks@gmail.com", "phone_number": "0682799274", "country": "NL", "postcode": "5046LB", "town_or_city": "TILBURG", "street_address1": "Erasplaats, 38", "street_address2": null, "county": "Noord-Brabant", "date": "2022-02-27T02:09:34.457Z", "order_total": "843.92", "original_cart": "{\"8019227356908\": 4, \"3188649811144\": 4}", "stripe_pid": "pi_3KXcCMI4JiRbfrjT1MebLFTI"}}, {"model": "checkout.order", "pk": 27, "fields": {"order_number": "0FE51E99CB5941969C0B78D9D897E01A", "user_profile": 1, "full_name": "Maris Kurpnieks", "email": "maris.kurpnieks@gmail.com", "phone_number": "0682799274", "country": "NL", "postcode": "5046LB", "town_or_city": "TILBURG", "street_address1": "Erasplaats, 38", "street_address2": null, "county": "Noord-Brabant", "date": "2022-02-27T02:10:23.158Z", "order_total": "1150.56", "original_cart": "{\"3188649811144\": 8, \"4019238450347\": 4, \"8019227212532\": 4}", "stripe_pid": "pi_3KXcD7I4JiRbfrjT1hOaac3Y"}}, {"model": "checkout.orderlineitem", "pk": 66, "fields": {"order": 22, "product": 4, "product_size": null, "quantity": 4, "lineitem_total": "285.64"}}, {"model": "checkout.orderlineitem", "pk": 67, "fields": {"order": 23, "product": 33, "product_size": null, "quantity": 4, "lineitem_total": "229.72"}}, {"model": "checkout.orderlineitem", "pk": 68, "fields": {"order": 24, "product": 31, "product_size": null, "quantity": 4, "lineitem_total": "282.40"}}, {"model": "checkout.orderlineitem", "pk": 69, "fields": {"order": 25, "product": 44, "product_size": null, "quantity": 4, "lineitem_total": "238.32"}}, {"model": "checkout.orderlineitem", "pk": 70, "fields": {"order": 26, "product": 42, "product_size": null, "quantity": 4, "lineitem_total": "538.08"}}, {"model": "checkout.orderlineitem", "pk": 71, "fields": {"order": 26, "product": 6, "product_size": null, "quantity": 4, "lineitem_total": "305.84"}}, {"model": "checkout.orderlineitem", "pk": 72, "fields": {"order": 27, "product": 6, "product_size": null, "quantity": 8, "lineitem_total": "611.68"}}, {"model": "checkout.orderlineitem", "pk": 73, "fields": {"order": 27, "product": 5, "product_size": null, "quantity": 4, "lineitem_total": "293.84"}}, {"model": "checkout.orderlineitem", "pk": 74, "fields": {"order": 27, "product": 12, "product_size": null, "quantity": 4, "lineitem_total": "245.04"}}, {"model": "profiles.userprofile", "pk": 1, "fields": {"user": 1, "default_phone_number": "0682799274", "default_email": "maris.kurpnieks@gmail.com", "default_street_address1": "Erasplaats, 38", "default_street_address2": null, "default_town_or_city": "TILBURG", "default_county": "Noord-Brabant", "default_postcode": "5046LB", "default_country": "NL"}}, {"model": "profiles.userprofile", "pk": 2, "fields": {"user": 2, "default_phone_number": "555", "default_email": null, "default_street_address1": "125", "default_street_address2": "Lib", "default_town_or_city": "Tilburg", "default_county": "Noord-Brabant", "default_postcode": "5046LB", "default_country": "NL"}}]